Workbook

Sheet Todas as Turmas
A1: OLIMPÍADA BRASILEIRA DE LÍNGUA INGLESA (OBLI 2024.2 - SELETA) • COOEDUCAR CARLOS CHAGAS
A2: Q01 a Q20: READING (Compreensão Leitora - 20 pts) | Q21 a Q30: LISTENING (Compreensão Auditiva - 10 pts) | Total: 30 pts
A4: TURMA: 6º ANO (12 alunos)
A5: Nº | B5: Nome do Aluno | C5: Q01 | D5: Q02 | E5: Q03 | F5: Q04 | G5: Q05 | H5: Q06 | I5: Q07 | J5: Q08 | K5: Q09 | L5: Q10 | M5: Q11 | N5: Q12 | O5: Q13 | P5: Q14 | Q5: Q15 | R5: Q16 | S5: Q17 | T5: Q18 | U5: Q19 | V5: Q20 | W5: Q21 | X5: Q22 | Y5: Q23 | Z5: Q24 | AA5: Q25 | AB5: Q26 | AC5: Q27 | AD5: Q28 | AE5: Q29 | AF5: Q30 | AG5: Total (30) | AH5: % Geral | AI5: Reading (20) | AJ5: % Reading | AK5: Listening (10) | AL5: % Listening
A6: ★ | B6: [ GABARITO OFICIAL — 6º ANO ] | C6: E | D6: B | E6: A | F6: E | G6: E | H6: D | I6: A | J6: D | K6: D | L6: C | M6: C | N6: E | O6: B | P6: E | Q6: E | R6: E | S6: E | T6: C | U6: B | V6: D | W6: A | X6: B | Y6: D | Z6: B | AA6: A | AB6: E | AC6: A | AD6: E | AE6: C | AF6: E | AG6: =COUNTA(C6:AF6) | AH6: Gabarito | AI6: =COUNTA(C6:V6) | AJ6: Reading | AK6: =COUNTA(W6:AF6) | AL6: Listening
A7: 1 | B7: Aisha Santos David | C7: B | D7: A | E7: D | F7: D | G7: B | H7: B | I7: D | J7: A | K7: D | L7: E | M7: C | N7: C | O7: A | P7: E | Q7: D | R7: A | S7: D | T7: C | U7: B | V7: A | W7: C | X7: B | Y7: C | Z7: B | AA7: A | AB7: C | AC7: D | AD7: E | AE7: D | AF7: B | AG7: =SUMPRODUCT((C7:AF7<>"")*((C7:AF7=$C$6:$AF$6)+($C$6:$AF$6="*")>0)*($C$6:$AF$6<>"")) | AH7: =IF(COUNTA($C$6:$AF$6)>0, AG7/COUNTA($C$6:$AF$6), 0) | AI7: =SUMPRODUCT((C7:V7<>"")*((C7:V7=$C$6:$V$6)+($C$6:$V$6="*")>0)*($C$6:$V$6<>"")) | AJ7: =IF(COUNTA($C$6:$V$6)>0, AI7/COUNTA($C$6:$V$6), 0) | AK7: =SUMPRODUCT((W7:AF7<>"")*((W7:AF7=$W$6:$AF$6)+($W$6:$AF$6="*")>0)*($W$6:$AF$6<>"")) | AL7: =IF(COUNTA($W$6:$AF$6)>0, AK7/COUNTA($W$6:$AF$6), 0)
A8: 2 | B8: Ana Júlia Bomfim Coutinho | C8: E | D8: C | E8: E | F8: E | G8: E | H8: D | I8: E | J8: D | K8: D | L8: C | M8: C | N8: E | O8: D | P8: E | Q8: D | R8: B | S8: C | T8: B | U8: B | V8: C | W8: B | X8: B | Y8: C | Z8: D | AA8: A | AB8: C | AC8: C | AD8: B | AE8: C | AF8: E | AG8: =SUMPRODUCT((C8:AF8<>"")*((C8:AF8=$C$6:$AF$6)+($C$6:$AF$6="*")>0)*($C$6:$AF$6<>"")) | AH8: =IF(COUNTA($C$6:$AF$6)>0, AG8/COUNTA($C$6:$AF$6), 0) | AI8: =SUMPRODUCT((C8:V8<>"")*((C8:V8=$C$6:$V$6)+($C$6:$V$6="*")>0)*($C$6:$V$6<>"")) | AJ8: =IF(COUNTA($C$6:$V$6)>0, AI8/COUNTA($C$6:$V$6), 0) | AK8: =SUMPRODUCT((W8:AF8<>"")*((W8:AF8=$W$6:$AF$6)+($W$6:$AF$6="*")>0)*($W$6:$AF$6<>"")) | AL8: =IF(COUNTA($W$6:$AF$6)>0, AK8/COUNTA($W$6:$AF$6), 0)
A9: 3 | B9: Arthur Vieira Trindade | C9: B | D9: A | E9: A | F9: A | G9: A | H9: B | I9: E | J9: B | K9: D | L9: C | M9: A | N9: A | O9: A | P9: A | Q9: C | R9: C | S9: D | T9: C | U9: A | V9: A | W9: A | X9: B | Y9: B | Z9: B | AA9: A | AB9: B | AC9: B | AD9: C | AE9: C | AF9: E | AG9: =SUMPRODUCT((C9:AF9<>"")*((C9:AF9=$C$6:$AF$6)+($C$6:$AF$6="*")>0)*($C$6:$AF$6<>"")) | AH9: =IF(COUNTA($C$6:$AF$6)>0, AG9/COUNTA($C$6:$AF$6), 0) | AI9: =SUMPRODUCT((C9:V9<>"")*((C9:V9=$C$6:$V$6)+($C$6:$V$6="*")>0)*($C$6:$V$6<>"")) | AJ9: =IF(COUNTA($C$6:$V$6)>0, AI9/COUNTA($C$6:$V$6), 0) | AK9: =SUMPRODUCT((W9:AF9<>"")*((W9:AF9=$W$6:$AF$6)+($W$6:$AF$6="*")>0)*($W$6:$AF$6<>"")) | AL9: =IF(COUNTA($W$6:$AF$6)>0, AK9/COUNTA($W$6:$AF$6), 0)
A10: 4 | B10: Benício Paim De Souza Jardim | C10: A | D10: A | E10: A | F10: E | G10: E | H10: D | I10: E | J10: D | K10: C | L10: C | M10: C | N10: B | O10: B | P10: E | Q10: E | R10: E | S10: B | T10: C | U10: C | V10: A | W10: D | X10: B | Y10: C | Z10: B | AA10: A | AB10: A | AC10: C | AD10: E | AE10: C | AF10: E | AG10: =SUMPRODUCT((C10:AF10<>"")*((C10:AF10=$C$6:$AF$6)+($C$6:$AF$6="*")>0)*($C$6:$AF$6<>"")) | AH10: =IF(COUNTA($C$6:$AF$6)>0, AG10/COUNTA($C$6:$AF$6), 0) | AI10: =SUMPRODUCT((C10:V10<>"")*((C10:V10=$C$6:$V$6)+($C$6:$V$6="*")>0)*($C$6:$V$6<>"")) | AJ10: =IF(COUNTA($C$6:$V$6)>0, AI10/COUNTA($C$6:$V$6), 0) | AK10: =SUMPRODUCT((W10:AF10<>"")*((W10:AF10=$W$6:$AF$6)+($W$6:$AF$6="*")>0)*($W$6:$AF$6<>"")) | AL10: =IF(COUNTA($W$6:$AF$6)>0, AK10/COUNTA($W$6:$AF$6), 0)
A11: 6 | B11: Daniel Dias Souto | C11: E | D11: A | E11: A | F11: A | G11: A | H11: A | I11: E | J11: A | K11: A | L11: E | M11: C | N11: E | O11: B | P11: E | Q11: D | R11: B | S11: A | T11: A | U11: B | V11: B | W11: D | X11: B | Y11: D | Z11: D | AA11: A | AB11: E | AC11: A | AD11: B | AE11: C | AF11: E | AG11: =SUMPRODUCT((C11:AF11<>"")*((C11:AF11=$C$6:$AF$6)+($C$6:$AF$6="*")>0)*($C$6:$AF$6<>"")) | AH11: =IF(COUNTA($C$6:$AF$6)>0, AG11/COUNTA($C$6:$AF$6), 0) | AI11: =SUMPRODUCT((C11:V11<>"")*((C11:V11=$C$6:$V$6)+($C$6:$V$6="*")>0)*($C$6:$V$6<>"")) | AJ11: =IF(COUNTA($C$6:$V$6)>0, AI11/COUNTA($C$6:$V$6), 0) | AK11: =SUMPRODUCT((W11:AF11<>"")*((W11:AF11=$W$6:$AF$6)+($W$6:$AF$6="*")>0)*($W$6:$AF$6<>"")) | AL11: =IF(COUNTA($W$6:$AF$6)>0, AK11/COUNTA($W$6:$AF$6), 0)
A12: 7 | B12: Davi Laender Norte Brito | C12: E | D12: C | E12: A | F12: B | G12: A | H12: D | I12: E | J12: D | K12: B | L12: C | M12: C | N12: C | O12: B | P12: E | Q12: E | R12: A | S12: B | T12: D | U12: D | V12: C | W12: D | X12: B | Y12: D | Z12: D | AA12: A | AB12: E | AC12: D | AD12: E | AE12: C | AF12: C | AG12: =SUMPRODUCT((C12:AF12<>"")*((C12:AF12=$C$6:$AF$6)+($C$6:$AF$6="*")>0)*($C$6:$AF$6<>"")) | AH12: =IF(COUNTA($C$6:$AF$6)>0, AG12/COUNTA($C$6:$AF$6), 0) | AI12: =SUMPRODUCT((C12:V12<>"")*((C12:V12=$C$6:$V$6)+($C$6:$V$6="*")>0)*($C$6:$V$6<>"")) | AJ12: =IF(COUNTA($C$6:$V$6)>0, AI12/COUNTA($C$6:$V$6), 0) | AK12: =SUMPRODUCT((W12:AF12<>"")*((W12:AF12=$W$6:$AF$6)+($W$6:$AF$6="*")>0)*($W$6:$AF$6<>"")) | AL12: =IF(COUNTA($W$6:$AF$6)>0, AK12/COUNTA($W$6:$AF$6), 0)
A13: 8 | B13: Davi Rocha Aguiar | C13: B | D13: D | E13: A | G13: C | H13: B | I13: A | J13: A | K13: B | L13: D | M13: D | N13: B | O13: D | P13: B | Q13: E | R13: A | S13: B | T13: C | U13: B | V13: D | W13: C | X13: D | Y13: D | Z13: E | AA13: E | AB13: C | AC13: D | AD13: C | AE13: D | AF13: C | AG13: =SUMPRODUCT((C13:AF13<>"")*((C13:AF13=$C$6:$AF$6)+($C$6:$AF$6="*")>0)*($C$6:$AF$6<>"")) | AH13: =IF(COUNTA($C$6:$AF$6)>0, AG13/COUNTA($C$6:$AF$6), 0) | AI13: =SUMPRODUCT((C13:V13<>"")*((C13:V13=$C$6:$V$6)+($C$6:$V$6="*")>0)*($C$6:$V$6<>"")) | AJ13: =IF(COUNTA($C$6:$V$6)>0, AI13/COUNTA($C$6:$V$6), 0) | AK13: =SUMPRODUCT((W13:AF13<>"")*((W13:AF13=$W$6:$AF$6)+($W$6:$AF$6="*")>0)*($W$6:$AF$6<>"")) | AL13: =IF(COUNTA($W$6:$AF$6)>0, AK13/COUNTA($W$6:$AF$6), 0)
A14: 9 | B14: Dely Cotrim Batista Coelho | AG14: =SUMPRODUCT((C14:AF14<>"")*((C14:AF14=$C$6:$AF$6)+($C$6:$AF$6="*")>0)*($C$6:$AF$6<>"")) | AH14: =IF(COUNTA($C$6:$AF$6)>0, AG14/COUNTA($C$6:$AF$6), 0) | AI14: =SUMPRODUCT((C14:V14<>"")*((C14:V14=$C$6:$V$6)+($C$6:$V$6="*")>0)*($C$6:$V$6<>"")) | AJ14: =IF(COUNTA($C$6:$V$6)>0, AI14/COUNTA($C$6:$V$6), 0) | AK14: =SUMPRODUCT((W14:AF14<>"")*((W14:AF14=$W$6:$AF$6)+($W$6:$AF$6="*")>0)*($W$6:$AF$6<>"")) | AL14: =IF(COUNTA($W$6:$AF$6)>0, AK14/COUNTA($W$6:$AF$6), 0)
A15: 10 | B15: Laura Andrade Coelho Dos Santos | C15: B | D15: A | E15: E | F15: A | G15: A | H15: B | I15: E | J15: D | K15: E | L15: B | M15: A | N15: C | O15: B | P15: E | Q15: A | R15: A | S15: D | T15: B | U15: B | V15: D | W15: C | X15: B | Y15: E | Z15: D | AA15: D | AB15: C | AC15: A | AD15: D | AE15: C | AF15: A | AG15: =SUMPRODUCT((C15:AF15<>"")*((C15:AF15=$C$6:$AF$6)+($C$6:$AF$6="*")>0)*($C$6:$AF$6<>"")) | AH15: =IF(COUNTA($C$6:$AF$6)>0, AG15/COUNTA($C$6:$AF$6), 0) | AI15: =SUMPRODUCT((C15:V15<>"")*((C15:V15=$C$6:$V$6)+($C$6:$V$6="*")>0)*($C$6:$V$6<>"")) | AJ15: =IF(COUNTA($C$6:$V$6)>0, AI15/COUNTA($C$6:$V$6), 0) | AK15: =SUMPRODUCT((W15:AF15<>"")*((W15:AF15=$W$6:$AF$6)+($W$6:$AF$6="*")>0)*($W$6:$AF$6<>"")) | AL15: =IF(COUNTA($W$6:$AF$6)>0, AK15/COUNTA($W$6:$AF$6), 0)
A16: 11 | B16: Laura Gomes Prates | C16: E | D16: D | E16: E | F16: C | G16: E | H16: B | I16: C | J16: B | K16: E | L16: B | M16: D | N16: C | O16: A | P16: D | Q16: A | R16: D | S16: B | T16: A | U16: B | V16: B | W16: C | X16: A | Y16: B | Z16: B | AA16: E | AB16: C | AC16: D | AD16: B | AE16: C | AF16: D | AG16: =SUMPRODUCT((C16:AF16<>"")*((C16:AF16=$C$6:$AF$6)+($C$6:$AF$6="*")>0)*($C$6:$AF$6<>"")) | AH16: =IF(COUNTA($C$6:$AF$6)>0, AG16/COUNTA($C$6:$AF$6), 0) | AI16: =SUMPRODUCT((C16:V16<>"")*((C16:V16=$C$6:$V$6)+($C$6:$V$6="*")>0)*($C$6:$V$6<>"")) | AJ16: =IF(COUNTA($C$6:$V$6)>0, AI16/COUNTA($C$6:$V$6), 0) | AK16: =SUMPRODUCT((W16:AF16<>"")*((W16:AF16=$W$6:$AF$6)+($W$6:$AF$6="*")>0)*($W$6:$AF$6<>"")) | AL16: =IF(COUNTA($W$6:$AF$6)>0, AK16/COUNTA($W$6:$AF$6), 0)
A17: 12 | B17: Maria Clara Almeida Coutinho | C17: E | D17: D | E17: D | F17: A | G17: E | H17: A | I17: E | J17: B | K17: A | L17: E | M17: D | N17: E | O17: B | P17: E | Q17: B | R17: C | S17: B | T17: B | U17: C | V17: C | W17: C | X17: B | Y17: B | Z17: B | AA17: E | AB17: B | AC17: B | AD17: E | AE17: C | AF17: B | AG17: =SUMPRODUCT((C17:AF17<>"")*((C17:AF17=$C$6:$AF$6)+($C$6:$AF$6="*")>0)*($C$6:$AF$6<>"")) | AH17: =IF(COUNTA($C$6:$AF$6)>0, AG17/COUNTA($C$6:$AF$6), 0) | AI17: =SUMPRODUCT((C17:V17<>"")*((C17:V17=$C$6:$V$6)+($C$6:$V$6="*")>0)*($C$6:$V$6<>"")) | AJ17: =IF(COUNTA($C$6:$V$6)>0, AI17/COUNTA($C$6:$V$6), 0) | AK17: =SUMPRODUCT((W17:AF17<>"")*((W17:AF17=$W$6:$AF$6)+($W$6:$AF$6="*")>0)*($W$6:$AF$6<>"")) | AL17: =IF(COUNTA($W$6:$AF$6)>0, AK17/COUNTA($W$6:$AF$6), 0)
A18: 13 | B18: Valentina Silva Soares | C18: B | D18: D | E18: E | F18: A | G18: C | H18: C | I18: A | J18: A | K18: B | L18: E | M18: D | N18: B | O18: A | P18: C | Q18: D | R18: D | S18: B | T18: B | U18: D | V18: B | W18: D | X18: B | Y18: B | Z18: D | AA18: A | AB18: A | AC18: A | AD18: B | AE18: B | AF18: A | AG18: =SUMPRODUCT((C18:AF18<>"")*((C18:AF18=$C$6:$AF$6)+($C$6:$AF$6="*")>0)*($C$6:$AF$6<>"")) | AH18: =IF(COUNTA($C$6:$AF$6)>0, AG18/COUNTA($C$6:$AF$6), 0) | AI18: =SUMPRODUCT((C18:V18<>"")*((C18:V18=$C$6:$V$6)+($C$6:$V$6="*")>0)*($C$6:$V$6<>"")) | AJ18: =IF(COUNTA($C$6:$V$6)>0, AI18/COUNTA($C$6:$V$6), 0) | AK18: =SUMPRODUCT((W18:AF18<>"")*((W18:AF18=$W$6:$AF$6)+($W$6:$AF$6="*")>0)*($W$6:$AF$6<>"")) | AL18: =IF(COUNTA($W$6:$AF$6)>0, AK18/COUNTA($W$6:$AF$6), 0)
A20: TURMA: 7º ANO (20 alunos)
A21: Nº | B21: Nome do Aluno | C21: Q01 | D21: Q02 | E21: Q03 | F21: Q04 | G21: Q05 | H21: Q06 | I21: Q07 | J21: Q08 | K21: Q09 | L21: Q10 | M21: Q11 | N21: Q12 | O21: Q13 | P21: Q14 | Q21: Q15 | R21: Q16 | S21: Q17 | T21: Q18 | U21: Q19 | V21: Q20 | W21: Q21 | X21: Q22 | Y21: Q23 | Z21: Q24 | AA21: Q25 | AB21: Q26 | AC21: Q27 | AD21: Q28 | AE21: Q29 | AF21: Q30 | AG21: Total (30) | AH21: % Geral | AI21: Reading (20) | AJ21: % Reading | AK21: Listening (10) | AL21: % Listening
A22: ★ | B22: [ GABARITO OFICIAL — 7º ANO ] | C22: E | D22: B | E22: A | F22: E | G22: E | H22: D | I22: A | J22: D | K22: D | L22: C | M22: C | N22: E | O22: B | P22: E | Q22: E | R22: E | S22: E | T22: C | U22: B | V22: D | W22: A | X22: B | Y22: D | Z22: B | AA22: A | AB22: E | AC22: A | AD22: E | AE22: C | AF22: E | AG22: =COUNTA(C22:AF22) | AH22: Gabarito | AI22: =COUNTA(C22:V22) | AJ22: Reading | AK22: =COUNTA(W22:AF22) | AL22: Listening
A23: 1 | B23: Alice De Souza Bossi Lima | C23: A | D23: C | E23: A | F23: E | G23: C | H23: D | I23: A | J23: D | K23: B | L23: C | M23: C | N23: E | O23: B | P23: E | Q23: E | R23: E | S23: E | T23: C | U23: B | V23: D | W23: C | X23: B | Y23: D | Z23: D | AA23: A | AB23: E | AC23: C | AD23: E | AE23: C | AF23: E | AG23: =SUMPRODUCT((C23:AF23<>"")*((C23:AF23=$C$22:$AF$22)+($C$22:$AF$22="*")>0)*($C$22:$AF$22<>"")) | AH23: =IF(COUNTA($C$22:$AF$22)>0, AG23/COUNTA($C$22:$AF$22), 0) | AI23: =SUMPRODUCT((C23:V23<>"")*((C23:V23=$C$22:$V$22)+($C$22:$V$22="*")>0)*($C$22:$V$22<>"")) | AJ23: =IF(COUNTA($C$22:$V$22)>0, AI23/COUNTA($C$22:$V$22), 0) | AK23: =SUMPRODUCT((W23:AF23<>"")*((W23:AF23=$W$22:$AF$22)+($W$22:$AF$22="*")>0)*($W$22:$AF$22<>"")) | AL23: =IF(COUNTA($W$22:$AF$22)>0, AK23/COUNTA($W$22:$AF$22), 0)
A24: 2 | B24: Cauã Jimenez Figueiredo Costa | C24: A | D24: D | E24: A | F24: E | G24: E | H24: D | I24: D | J24: A | K24: E | L24: C | M24: C | N24: E | O24: B | P24: E | Q24: A | R24: C | S24: A | T24: A | U24: A | V24: E | W24: D | X24: B | Y24: D | Z24: B | AA24: A | AB24: A | AC24: B | AD24: E | AE24: C | AF24: C | AG24: =SUMPRODUCT((C24:AF24<>"")*((C24:AF24=$C$22:$AF$22)+($C$22:$AF$22="*")>0)*($C$22:$AF$22<>"")) | AH24: =IF(COUNTA($C$22:$AF$22)>0, AG24/COUNTA($C$22:$AF$22), 0) | AI24: =SUMPRODUCT((C24:V24<>"")*((C24:V24=$C$22:$V$22)+($C$22:$V$22="*")>0)*($C$22:$V$22<>"")) | AJ24: =IF(COUNTA($C$22:$V$22)>0, AI24/COUNTA($C$22:$V$22), 0) | AK24: =SUMPRODUCT((W24:AF24<>"")*((W24:AF24=$W$22:$AF$22)+($W$22:$AF$22="*")>0)*($W$22:$AF$22<>"")) | AL24: =IF(COUNTA($W$22:$AF$22)>0, AK24/COUNTA($W$22:$AF$22), 0)
A25: 3 | B25: Isabela Lima Barbosa | C25: C | D25: D | E25: A | F25: E | G25: A | H25: D | I25: E | J25: B | K25: A | L25: E | M25: D | N25: B | O25: B | P25: A | Q25: B | R25: A | S25: B | T25: B | U25: B | V25: D | W25: C | X25: B | Y25: D | Z25: B | AA25: A | AB25: E | AC25: B | AD25: E | AE25: C | AF25: C | AG25: =SUMPRODUCT((C25:AF25<>"")*((C25:AF25=$C$22:$AF$22)+($C$22:$AF$22="*")>0)*($C$22:$AF$22<>"")) | AH25: =IF(COUNTA($C$22:$AF$22)>0, AG25/COUNTA($C$22:$AF$22), 0) | AI25: =SUMPRODUCT((C25:V25<>"")*((C25:V25=$C$22:$V$22)+($C$22:$V$22="*")>0)*($C$22:$V$22<>"")) | AJ25: =IF(COUNTA($C$22:$V$22)>0, AI25/COUNTA($C$22:$V$22), 0) | AK25: =SUMPRODUCT((W25:AF25<>"")*((W25:AF25=$W$22:$AF$22)+($W$22:$AF$22="*")>0)*($W$22:$AF$22<>"")) | AL25: =IF(COUNTA($W$22:$AF$22)>0, AK25/COUNTA($W$22:$AF$22), 0)
A26: 4 | B26: Isadora Amaral Santos | AG26: =SUMPRODUCT((C26:AF26<>"")*((C26:AF26=$C$22:$AF$22)+($C$22:$AF$22="*")>0)*($C$22:$AF$22<>"")) | AH26: =IF(COUNTA($C$22:$AF$22)>0, AG26/COUNTA($C$22:$AF$22), 0) | AI26: =SUMPRODUCT((C26:V26<>"")*((C26:V26=$C$22:$V$22)+($C$22:$V$22="*")>0)*($C$22:$V$22<>"")) | AJ26: =IF(COUNTA($C$22:$V$22)>0, AI26/COUNTA($C$22:$V$22), 0) | AK26: =SUMPRODUCT((W26:AF26<>"")*((W26:AF26=$W$22:$AF$22)+($W$22:$AF$22="*")>0)*($W$22:$AF$22<>"")) | AL26: =IF(COUNTA($W$22:$AF$22)>0, AK26/COUNTA($W$22:$AF$22), 0)
A27: 5 | B27: Isis Costa Rodrigues De Oliveira | C27: B | D27: A | E27: E | F27: E | G27: C | H27: A | I27: B | J27: B | K27: A | L27: E | M27: D | N27: B | O27: D | P27: B | Q27: C | R27: A | S27: E | T27: D | U27: B | V27: B | W27: B | X27: B | Y27: C | Z27: A | AA27: D | AB27: B | AC27: D | AD27: B | AE27: C | AF27: B | AG27: =SUMPRODUCT((C27:AF27<>"")*((C27:AF27=$C$22:$AF$22)+($C$22:$AF$22="*")>0)*($C$22:$AF$22<>"")) | AH27: =IF(COUNTA($C$22:$AF$22)>0, AG27/COUNTA($C$22:$AF$22), 0) | AI27: =SUMPRODUCT((C27:V27<>"")*((C27:V27=$C$22:$V$22)+($C$22:$V$22="*")>0)*($C$22:$V$22<>"")) | AJ27: =IF(COUNTA($C$22:$V$22)>0, AI27/COUNTA($C$22:$V$22), 0) | AK27: =SUMPRODUCT((W27:AF27<>"")*((W27:AF27=$W$22:$AF$22)+($W$22:$AF$22="*")>0)*($W$22:$AF$22<>"")) | AL27: =IF(COUNTA($W$22:$AF$22)>0, AK27/COUNTA($W$22:$AF$22), 0)
A28: 6 | B28: Isly De Souza Jardim Ferreira | C28: A | D28: E | E28: A | F28: E | G28: C | H28: B | I28: E | J28: A | K28: B | L28: C | M28: E | N28: E | O28: E | P28: E | Q28: C | R28: C | S28: D | T28: B | U28: B | V28: B | W28: A | X28: B | Y28: B | Z28: E | AA28: B | AB28: B | AC28: D | AD28: C | AE28: E | AF28: E | AG28: =SUMPRODUCT((C28:AF28<>"")*((C28:AF28=$C$22:$AF$22)+($C$22:$AF$22="*")>0)*($C$22:$AF$22<>"")) | AH28: =IF(COUNTA($C$22:$AF$22)>0, AG28/COUNTA($C$22:$AF$22), 0) | AI28: =SUMPRODUCT((C28:V28<>"")*((C28:V28=$C$22:$V$22)+($C$22:$V$22="*")>0)*($C$22:$V$22<>"")) | AJ28: =IF(COUNTA($C$22:$V$22)>0, AI28/COUNTA($C$22:$V$22), 0) | AK28: =SUMPRODUCT((W28:AF28<>"")*((W28:AF28=$W$22:$AF$22)+($W$22:$AF$22="*")>0)*($W$22:$AF$22<>"")) | AL28: =IF(COUNTA($W$22:$AF$22)>0, AK28/COUNTA($W$22:$AF$22), 0)
A29: 7 | B29: Iuri Emanuel Lisboa Coutinho | C29: E | D29: A | E29: E | F29: E | G29: E | H29: D | I29: A | J29: D | K29: B | L29: C | M29: C | N29: E | O29: B | P29: E | Q29: E | R29: E | S29: E | T29: C | U29: D | V29: D | W29: C | X29: B | Y29: D | Z29: B | AA29: A | AB29: D | AC29: A | AD29: E | AE29: C | AF29: E | AG29: =SUMPRODUCT((C29:AF29<>"")*((C29:AF29=$C$22:$AF$22)+($C$22:$AF$22="*")>0)*($C$22:$AF$22<>"")) | AH29: =IF(COUNTA($C$22:$AF$22)>0, AG29/COUNTA($C$22:$AF$22), 0) | AI29: =SUMPRODUCT((C29:V29<>"")*((C29:V29=$C$22:$V$22)+($C$22:$V$22="*")>0)*($C$22:$V$22<>"")) | AJ29: =IF(COUNTA($C$22:$V$22)>0, AI29/COUNTA($C$22:$V$22), 0) | AK29: =SUMPRODUCT((W29:AF29<>"")*((W29:AF29=$W$22:$AF$22)+($W$22:$AF$22="*")>0)*($W$22:$AF$22<>"")) | AL29: =IF(COUNTA($W$22:$AF$22)>0, AK29/COUNTA($W$22:$AF$22), 0)
A30: 8 | B30: Júlia Aguilar Vieira De Sousa Lima | C30: B | D30: B | E30: E | F30: D | G30: A | H30: A | I30: E | J30: B | K30: D | L30: E | M30: D | N30: E | O30: B | P30: E | Q30: A | R30: C | S30: B | T30: B | U30: D | V30: D | W30: A | X30: B | Y30: D | Z30: B | AA30: A | AB30: E | AC30: D | AD30: C | AE30: C | AF30: A | AG30: =SUMPRODUCT((C30:AF30<>"")*((C30:AF30=$C$22:$AF$22)+($C$22:$AF$22="*")>0)*($C$22:$AF$22<>"")) | AH30: =IF(COUNTA($C$22:$AF$22)>0, AG30/COUNTA($C$22:$AF$22), 0) | AI30: =SUMPRODUCT((C30:V30<>"")*((C30:V30=$C$22:$V$22)+($C$22:$V$22="*")>0)*($C$22:$V$22<>"")) | AJ30: =IF(COUNTA($C$22:$V$22)>0, AI30/COUNTA($C$22:$V$22), 0) | AK30: =SUMPRODUCT((W30:AF30<>"")*((W30:AF30=$W$22:$AF$22)+($W$22:$AF$22="*")>0)*($W$22:$AF$22<>"")) | AL30: =IF(COUNTA($W$22:$AF$22)>0, AK30/COUNTA($W$22:$AF$22), 0)
A31: 9 | B31: Kauay Francisco Almeida Honorato | C31: C | D31: A | E31: D | F31: A | G31: E | H31: C | I31: A | J31: D | K31: A | L31: B | M31: A | N31: B | O31: A | P31: E | Q31: C | R31: A | S31: B | T31: A | U31: D | V31: E | W31: C | X31: C | Y31: B | Z31: D | AA31: A | AB31: D | AC31: D | AD31: E | AE31: C | AF31: C | AG31: =SUMPRODUCT((C31:AF31<>"")*((C31:AF31=$C$22:$AF$22)+($C$22:$AF$22="*")>0)*($C$22:$AF$22<>"")) | AH31: =IF(COUNTA($C$22:$AF$22)>0, AG31/COUNTA($C$22:$AF$22), 0) | AI31: =SUMPRODUCT((C31:V31<>"")*((C31:V31=$C$22:$V$22)+($C$22:$V$22="*")>0)*($C$22:$V$22<>"")) | AJ31: =IF(COUNTA($C$22:$V$22)>0, AI31/COUNTA($C$22:$V$22), 0) | AK31: =SUMPRODUCT((W31:AF31<>"")*((W31:AF31=$W$22:$AF$22)+($W$22:$AF$22="*")>0)*($W$22:$AF$22<>"")) | AL31: =IF(COUNTA($W$22:$AF$22)>0, AK31/COUNTA($W$22:$AF$22), 0)
A32: 10 | B32: Lavínia Ribeiro Sena | C32: B | D32: C | E32: A | F32: B | G32: D | H32: E | I32: C | J32: B | K32: E | L32: C | M32: D | N32: E | O32: B | P32: E | Q32: D | R32: A | S32: C | T32: A | U32: B | V32: C | W32: A | X32: B | Y32: C | Z32: B | AA32: A | AB32: E | AC32: D | AD32: A | AE32: C | AF32: E | AG32: =SUMPRODUCT((C32:AF32<>"")*((C32:AF32=$C$22:$AF$22)+($C$22:$AF$22="*")>0)*($C$22:$AF$22<>"")) | AH32: =IF(COUNTA($C$22:$AF$22)>0, AG32/COUNTA($C$22:$AF$22), 0) | AI32: =SUMPRODUCT((C32:V32<>"")*((C32:V32=$C$22:$V$22)+($C$22:$V$22="*")>0)*($C$22:$V$22<>"")) | AJ32: =IF(COUNTA($C$22:$V$22)>0, AI32/COUNTA($C$22:$V$22), 0) | AK32: =SUMPRODUCT((W32:AF32<>"")*((W32:AF32=$W$22:$AF$22)+($W$22:$AF$22="*")>0)*($W$22:$AF$22<>"")) | AL32: =IF(COUNTA($W$22:$AF$22)>0, AK32/COUNTA($W$22:$AF$22), 0)
A33: 11 | B33: Lavínia Silva Teles | C33: B | D33: C | E33: A | F33: B | G33: B | H33: A | I33: C | J33: D | K33: D | L33: E | M33: B | N33: C | O33: A | P33: D | Q33: D | R33: A | S33: D | T33: B | U33: A | V33: D | W33: A | X33: B | Y33: E | Z33: B | AA33: A | AB33: E | AC33: D | AD33: E | AE33: C | AF33: C | AG33: =SUMPRODUCT((C33:AF33<>"")*((C33:AF33=$C$22:$AF$22)+($C$22:$AF$22="*")>0)*($C$22:$AF$22<>"")) | AH33: =IF(COUNTA($C$22:$AF$22)>0, AG33/COUNTA($C$22:$AF$22), 0) | AI33: =SUMPRODUCT((C33:V33<>"")*((C33:V33=$C$22:$V$22)+($C$22:$V$22="*")>0)*($C$22:$V$22<>"")) | AJ33: =IF(COUNTA($C$22:$V$22)>0, AI33/COUNTA($C$22:$V$22), 0) | AK33: =SUMPRODUCT((W33:AF33<>"")*((W33:AF33=$W$22:$AF$22)+($W$22:$AF$22="*")>0)*($W$22:$AF$22<>"")) | AL33: =IF(COUNTA($W$22:$AF$22)>0, AK33/COUNTA($W$22:$AF$22), 0)
A34: 12 | B34: Lucas Alves Silva Batista | C34: A | D34: A | E34: E | F34: A | G34: C | H34: A | I34: B | J34: C | K34: A | L34: D | M34: C | N34: E | O34: B | P34: A | Q34: E | R34: A | S34: C | T34: C | U34: B | V34: C | W34: C | X34: B | Y34: D | Z34: B | AA34: A | AB34: B | AC34: D | AD34: B | AE34: C | AF34: B | AG34: =SUMPRODUCT((C34:AF34<>"")*((C34:AF34=$C$22:$AF$22)+($C$22:$AF$22="*")>0)*($C$22:$AF$22<>"")) | AH34: =IF(COUNTA($C$22:$AF$22)>0, AG34/COUNTA($C$22:$AF$22), 0) | AI34: =SUMPRODUCT((C34:V34<>"")*((C34:V34=$C$22:$V$22)+($C$22:$V$22="*")>0)*($C$22:$V$22<>"")) | AJ34: =IF(COUNTA($C$22:$V$22)>0, AI34/COUNTA($C$22:$V$22), 0) | AK34: =SUMPRODUCT((W34:AF34<>"")*((W34:AF34=$W$22:$AF$22)+($W$22:$AF$22="*")>0)*($W$22:$AF$22<>"")) | AL34: =IF(COUNTA($W$22:$AF$22)>0, AK34/COUNTA($W$22:$AF$22), 0)
A35: 13 | B35: Luísa Brauer Torres Nacur Quaresma | C35: B | D35: D | E35: E | F35: E | G35: C | H35: A | I35: A | J35: D | K35: C | L35: C | M35: D | N35: A | O35: B | P35: D | Q35: A | R35: E | S35: E | T35: E | U35: B | V35: C | W35: A | X35: B | Y35: D | Z35: B | AA35: A | AB35: E | AC35: D | AD35: E | AE35: B | AF35: C | AG35: =SUMPRODUCT((C35:AF35<>"")*((C35:AF35=$C$22:$AF$22)+($C$22:$AF$22="*")>0)*($C$22:$AF$22<>"")) | AH35: =IF(COUNTA($C$22:$AF$22)>0, AG35/COUNTA($C$22:$AF$22), 0) | AI35: =SUMPRODUCT((C35:V35<>"")*((C35:V35=$C$22:$V$22)+($C$22:$V$22="*")>0)*($C$22:$V$22<>"")) | AJ35: =IF(COUNTA($C$22:$V$22)>0, AI35/COUNTA($C$22:$V$22), 0) | AK35: =SUMPRODUCT((W35:AF35<>"")*((W35:AF35=$W$22:$AF$22)+($W$22:$AF$22="*")>0)*($W$22:$AF$22<>"")) | AL35: =IF(COUNTA($W$22:$AF$22)>0, AK35/COUNTA($W$22:$AF$22), 0)
A36: 14 | B36: Luna Januzzi Quadros | C36: D | D36: B | E36: D | F36: E | G36: B | H36: C | I36: D | J36: A | K36: B | L36: B | M36: D | N36: B | O36: B | P36: E | Q36: A | R36: C | S36: E | T36: A | U36: E | V36: B | W36: C | X36: B | Y36: D | Z36: D | AA36: A | AB36: D | AC36: D | AD36: B | AE36: C | AF36: A | AG36: =SUMPRODUCT((C36:AF36<>"")*((C36:AF36=$C$22:$AF$22)+($C$22:$AF$22="*")>0)*($C$22:$AF$22<>"")) | AH36: =IF(COUNTA($C$22:$AF$22)>0, AG36/COUNTA($C$22:$AF$22), 0) | AI36: =SUMPRODUCT((C36:V36<>"")*((C36:V36=$C$22:$V$22)+($C$22:$V$22="*")>0)*($C$22:$V$22<>"")) | AJ36: =IF(COUNTA($C$22:$V$22)>0, AI36/COUNTA($C$22:$V$22), 0) | AK36: =SUMPRODUCT((W36:AF36<>"")*((W36:AF36=$W$22:$AF$22)+($W$22:$AF$22="*")>0)*($W$22:$AF$22<>"")) | AL36: =IF(COUNTA($W$22:$AF$22)>0, AK36/COUNTA($W$22:$AF$22), 0)
A37: 15 | B37: Maria Cecília Rebouças | C37: E | D37: C | E37: A | F37: E | G37: B | H37: D | I37: E | J37: D | K37: C | L37: C | M37: C | N37: E | O37: B | P37: E | Q37: E | R37: B | S37: E | T37: C | U37: B | V37: D | W37: C | X37: B | Y37: D | Z37: B | AA37: A | AB37: D | AC37: D | AD37: E | AE37: C | AF37: E | AG37: =SUMPRODUCT((C37:AF37<>"")*((C37:AF37=$C$22:$AF$22)+($C$22:$AF$22="*")>0)*($C$22:$AF$22<>"")) | AH37: =IF(COUNTA($C$22:$AF$22)>0, AG37/COUNTA($C$22:$AF$22), 0) | AI37: =SUMPRODUCT((C37:V37<>"")*((C37:V37=$C$22:$V$22)+($C$22:$V$22="*")>0)*($C$22:$V$22<>"")) | AJ37: =IF(COUNTA($C$22:$V$22)>0, AI37/COUNTA($C$22:$V$22), 0) | AK37: =SUMPRODUCT((W37:AF37<>"")*((W37:AF37=$W$22:$AF$22)+($W$22:$AF$22="*")>0)*($W$22:$AF$22<>"")) | AL37: =IF(COUNTA($W$22:$AF$22)>0, AK37/COUNTA($W$22:$AF$22), 0)
A38: 16 | B38: Maria Clara Nogueira Tinoco | C38: C | D38: C | E38: A | F38: D | G38: E | H38: E | I38: C | J38: B | K38: A | L38: A | M38: D | N38: C | O38: E | P38: C | Q38: E | R38: C | S38: C | T38: E | U38: C | V38: B | W38: C | X38: B | Y38: B | Z38: B | AA38: A | AB38: D | AC38: D | AD38: E | AE38: E | AF38: E | AG38: =SUMPRODUCT((C38:AF38<>"")*((C38:AF38=$C$22:$AF$22)+($C$22:$AF$22="*")>0)*($C$22:$AF$22<>"")) | AH38: =IF(COUNTA($C$22:$AF$22)>0, AG38/COUNTA($C$22:$AF$22), 0) | AI38: =SUMPRODUCT((C38:V38<>"")*((C38:V38=$C$22:$V$22)+($C$22:$V$22="*")>0)*($C$22:$V$22<>"")) | AJ38: =IF(COUNTA($C$22:$V$22)>0, AI38/COUNTA($C$22:$V$22), 0) | AK38: =SUMPRODUCT((W38:AF38<>"")*((W38:AF38=$W$22:$AF$22)+($W$22:$AF$22="*")>0)*($W$22:$AF$22<>"")) | AL38: =IF(COUNTA($W$22:$AF$22)>0, AK38/COUNTA($W$22:$AF$22), 0)
... A42: 20 | B42: Tito Teles Machado | C42: C | D42: E | E42: A | F42: B | G42: C | H42: D | I42: A | J42: A | K42: D | L42: B | M42: B | N42: D | O42: A | P42: D | Q42: A | R42: A | S42: B | T42: C | U42: C | V42: D | W42: D | X42: B | Y42: E | Z42: D | AA42: D | AB42: D | AC42: E | AD42: B | AE42: B | AF42: D | AG42: =SUMPRODUCT((C42:AF42<>"")*((C42:AF42=$C$22:$AF$22)+($C$22:$AF$22="*")>0)*($C$22:$AF$22<>"")) | AH42: =IF(COUNTA($C$22:$AF$22)>0, AG42/COUNTA($C$22:$AF$22), 0) | AI42: =SUMPRODUCT((C42:V42<>"")*((C42:V42=$C$22:$V$22)+($C$22:$V$22="*")>0)*($C$22:$V$22<>"")) | AJ42: =IF(COUNTA($C$22:$V$22)>0, AI42/COUNTA($C$22:$V$22), 0) | AK42: =SUMPRODUCT((W42:AF42<>"")*((W42:AF42=$W$22:$AF$22)+($W$22:$AF$22="*")>0)*($W$22:$AF$22<>"")) | AL42: =IF(COUNTA($W$22:$AF$22)>0, AK42/COUNTA($W$22:$AF$22), 0)
A44: TURMA: 8º ANO (7 alunos)
A45: Nº | B45: Nome do Aluno | C45: Q01 | D45: Q02 | E45: Q03 | F45: Q04 | G45: Q05 | H45: Q06 | I45: Q07 | J45: Q08 | K45: Q09 | L45: Q10 | M45: Q11 | N45: Q12 | O45: Q13 | P45: Q14 | Q45: Q15 | R45: Q16 | S45: Q17 | T45: Q18 | U45: Q19 | V45: Q20 | W45: Q21 | X45: Q22 | Y45: Q23 | Z45: Q24 | AA45: Q25 | AB45: Q26 | AC45: Q27 | AD45: Q28 | AE45: Q29 | AF45: Q30 | AG45: Total (30) | AH45: % Geral | AI45: Reading (20) | AJ45: % Reading | AK45: Listening (10) | AL45: % Listening
A46: ★ | B46: [ GABARITO OFICIAL — 8º ANO ] | C46: D | D46: C | E46: B | F46: * | G46: E | H46: E | I46: C | J46: C | K46: E | L46: E | M46: D | N46: B | O46: D | P46: B | Q46: A | R46: C | S46: C | T46: B | U46: A | V46: C | W46: A | X46: B | Y46: D | Z46: B | AA46: D | AB46: C | AC46: C | AD46: C | AE46: D | AF46: A | AG46: =COUNTA(C46:AF46) | AH46: Gabarito | AI46: =COUNTA(C46:V46) | AJ46: Reading | AK46: =COUNTA(W46:AF46) | AL46: Listening
A47: 1 | B47: Davi Sedlmayer Jardim Lauar | C47: B | D47: D | F47: A | G47: A | H47: B | I47: D | J47: D | K47: A | L47: D | M47: A | N47: B | O47: B | P47: B | Q47: B | R47: C | S47: C | T47: A | U47: A | V47: B | W47: A | X47: C | Y47: E | Z47: D | AA47: E | AB47: E | AC47: E | AD47: C | AE47: D | AF47: A | AG47: =SUMPRODUCT((C47:AF47<>"")*((C47:AF47=$C$46:$AF$46)+($C$46:$AF$46="*")>0)*($C$46:$AF$46<>"")) | AH47: =IF(COUNTA($C$46:$AF$46)>0, AG47/COUNTA($C$46:$AF$46), 0) | AI47: =SUMPRODUCT((C47:V47<>"")*((C47:V47=$C$46:$V$46)+($C$46:$V$46="*")>0)*($C$46:$V$46<>"")) | AJ47: =IF(COUNTA($C$46:$V$46)>0, AI47/COUNTA($C$46:$V$46), 0) | AK47: =SUMPRODUCT((W47:AF47<>"")*((W47:AF47=$W$46:$AF$46)+($W$46:$AF$46="*")>0)*($W$46:$AF$46<>"")) | AL47: =IF(COUNTA($W$46:$AF$46)>0, AK47/COUNTA($W$46:$AF$46), 0)
A48: 2 | B48: Isadora Quaresma Silveira | C48: D | D48: C | E48: E | F48: D | G48: E | H48: E | I48: D | J48: E | K48: C | L48: D | M48: A | N48: B | O48: A | P48: D | Q48: C | R48: D | S48: C | T48: B | U48: A | V48: B | W48: B | X48: E | Y48: A | Z48: D | AA48: D | AB48: E | AC48: E | AD48: D | AE48: A | AF48: A | AG48: =SUMPRODUCT((C48:AF48<>"")*((C48:AF48=$C$46:$AF$46)+($C$46:$AF$46="*")>0)*($C$46:$AF$46<>"")) | AH48: =IF(COUNTA($C$46:$AF$46)>0, AG48/COUNTA($C$46:$AF$46), 0) | AI48: =SUMPRODUCT((C48:V48<>"")*((C48:V48=$C$46:$V$46)+($C$46:$V$46="*")>0)*($C$46:$V$46<>"")) | AJ48: =IF(COUNTA($C$46:$V$46)>0, AI48/COUNTA($C$46:$V$46), 0) | AK48: =SUMPRODUCT((W48:AF48<>"")*((W48:AF48=$W$46:$AF$46)+($W$46:$AF$46="*")>0)*($W$46:$AF$46<>"")) | AL48: =IF(COUNTA($W$46:$AF$46)>0, AK48/COUNTA($W$46:$AF$46), 0)
A49: 3 | B49: Jolie Meireles Silva | C49: D | D49: C | E49: A | F49: A | G49: E | H49: A | I49: D | J49: C | K49: E | L49: E | M49: D | N49: B | O49: C | P49: D | Q49: C | R49: D | S49: A | T49: E | U49: B | V49: C | W49: E | X49: C | Y49: B | Z49: C | AA49: D | AB49: C | AC49: B | AD49: E | AE49: E | AF49: A | AG49: =SUMPRODUCT((C49:AF49<>"")*((C49:AF49=$C$46:$AF$46)+($C$46:$AF$46="*")>0)*($C$46:$AF$46<>"")) | AH49: =IF(COUNTA($C$46:$AF$46)>0, AG49/COUNTA($C$46:$AF$46), 0) | AI49: =SUMPRODUCT((C49:V49<>"")*((C49:V49=$C$46:$V$46)+($C$46:$V$46="*")>0)*($C$46:$V$46<>"")) | AJ49: =IF(COUNTA($C$46:$V$46)>0, AI49/COUNTA($C$46:$V$46), 0) | AK49: =SUMPRODUCT((W49:AF49<>"")*((W49:AF49=$W$46:$AF$46)+($W$46:$AF$46="*")>0)*($W$46:$AF$46<>"")) | AL49: =IF(COUNTA($W$46:$AF$46)>0, AK49/COUNTA($W$46:$AF$46), 0)
A50: 4 | B50: Miguel Bento Gomes Silva | C50: C | D50: B | E50: A | F50: D | G50: D | H50: B | I50: B | J50: B | K50: D | L50: B | M50: D | N50: A | O50: B | P50: C | Q50: C | R50: E | S50: A | T50: D | U50: B | V50: B | W50: D | X50: C | Y50: E | Z50: A | AA50: B | AB50: B | AC50: C | AD50: D | AE50: E | AF50: D | AG50: =SUMPRODUCT((C50:AF50<>"")*((C50:AF50=$C$46:$AF$46)+($C$46:$AF$46="*")>0)*($C$46:$AF$46<>"")) | AH50: =IF(COUNTA($C$46:$AF$46)>0, AG50/COUNTA($C$46:$AF$46), 0) | AI50: =SUMPRODUCT((C50:V50<>"")*((C50:V50=$C$46:$V$46)+($C$46:$V$46="*")>0)*($C$46:$V$46<>"")) | AJ50: =IF(COUNTA($C$46:$V$46)>0, AI50/COUNTA($C$46:$V$46), 0) | AK50: =SUMPRODUCT((W50:AF50<>"")*((W50:AF50=$W$46:$AF$46)+($W$46:$AF$46="*")>0)*($W$46:$AF$46<>"")) | AL50: =IF(COUNTA($W$46:$AF$46)>0, AK50/COUNTA($W$46:$AF$46), 0)
A51: 5 | B51: Ruan Batista Neves | AG51: =SUMPRODUCT((C51:AF51<>"")*((C51:AF51=$C$46:$AF$46)+($C$46:$AF$46="*")>0)*($C$46:$AF$46<>"")) | AH51: =IF(COUNTA($C$46:$AF$46)>0, AG51/COUNTA($C$46:$AF$46), 0) | AI51: =SUMPRODUCT((C51:V51<>"")*((C51:V51=$C$46:$V$46)+($C$46:$V$46="*")>0)*($C$46:$V$46<>"")) | AJ51: =IF(COUNTA($C$46:$V$46)>0, AI51/COUNTA($C$46:$V$46), 0) | AK51: =SUMPRODUCT((W51:AF51<>"")*((W51:AF51=$W$46:$AF$46)+($W$46:$AF$46="*")>0)*($W$46:$AF$46<>"")) | AL51: =IF(COUNTA($W$46:$AF$46)>0, AK51/COUNTA($W$46:$AF$46), 0)
A52: 6 | B52: Tiago De Figueiredo Martins Filho | C52: E | D52: B | E52: A | F52: A | G52: C | H52: D | I52: D | J52: C | K52: E | L52: D | M52: B | N52: D | O52: B | P52: C | Q52: A | R52: C | S52: C | T52: E | U52: A | V52: D | W52: A | X52: D | Y52: A | Z52: D | AA52: D | AB52: B | AC52: C | AD52: C | AE52: B | AF52: A | AG52: =SUMPRODUCT((C52:AF52<>"")*((C52:AF52=$C$46:$AF$46)+($C$46:$AF$46="*")>0)*($C$46:$AF$46<>"")) | AH52: =IF(COUNTA($C$46:$AF$46)>0, AG52/COUNTA($C$46:$AF$46), 0) | AI52: =SUMPRODUCT((C52:V52<>"")*((C52:V52=$C$46:$V$46)+($C$46:$V$46="*")>0)*($C$46:$V$46<>"")) | AJ52: =IF(COUNTA($C$46:$V$46)>0, AI52/COUNTA($C$46:$V$46), 0) | AK52: =SUMPRODUCT((W52:AF52<>"")*((W52:AF52=$W$46:$AF$46)+($W$46:$AF$46="*")>0)*($W$46:$AF$46<>"")) | AL52: =IF(COUNTA($W$46:$AF$46)>0, AK52/COUNTA($W$46:$AF$46), 0)
A53: 7 | B53: Vicente Soares Almeida Jardim | AG53: =SUMPRODUCT((C53:AF53<>"")*((C53:AF53=$C$46:$AF$46)+($C$46:$AF$46="*")>0)*($C$46:$AF$46<>"")) | AH53: =IF(COUNTA($C$46:$AF$46)>0, AG53/COUNTA($C$46:$AF$46), 0) | AI53: =SUMPRODUCT((C53:V53<>"")*((C53:V53=$C$46:$V$46)+($C$46:$V$46="*")>0)*($C$46:$V$46<>"")) | AJ53: =IF(COUNTA($C$46:$V$46)>0, AI53/COUNTA($C$46:$V$46), 0) | AK53: =SUMPRODUCT((W53:AF53<>"")*((W53:AF53=$W$46:$AF$46)+($W$46:$AF$46="*")>0)*($W$46:$AF$46<>"")) | AL53: =IF(COUNTA($W$46:$AF$46)>0, AK53/COUNTA($W$46:$AF$46), 0)
A55: TURMA: 9º ANO (9 alunos)
A56: Nº | B56: Nome do Aluno | C56: Q01 | D56: Q02 | E56: Q03 | F56: Q04 | G56: Q05 | H56: Q06 | I56: Q07 | J56: Q08 | K56: Q09 | L56: Q10 | M56: Q11 | N56: Q12 | O56: Q13 | P56: Q14 | Q56: Q15 | R56: Q16 | S56: Q17 | T56: Q18 | U56: Q19 | V56: Q20 | W56: Q21 | X56: Q22 | Y56: Q23 | Z56: Q24 | AA56: Q25 | AB56: Q26 | AC56: Q27 | AD56: Q28 | AE56: Q29 | AF56: Q30 | AG56: Total (30) | AH56: % Geral | AI56: Reading (20) | AJ56: % Reading | AK56: Listening (10) | AL56: % Listening
A57: ★ | B57: [ GABARITO OFICIAL — 9º ANO ] | C57: D | D57: C | E57: B | F57: * | G57: E | H57: E | I57: C | J57: C | K57: E | L57: E | M57: D | N57: B | O57: D | P57: B | Q57: A | R57: C | S57: C | T57: B | U57: A | V57: C | W57: A | X57: B | Y57: D | Z57: B | AA57: D | AB57: C | AC57: C | AD57: C | AE57: D | AF57: A | AG57: =COUNTA(C57:AF57) | AH57: Gabarito | AI57: =COUNTA(C57:V57) | AJ57: Reading | AK57: =COUNTA(W57:AF57) | AL57: Listening
A58: 1 | B58: Henry Alves Franco | C58: D | D58: C | E58: A | F58: E | G58: D | H58: D | I58: E | J58: D | K58: E | L58: E | M58: E | N58: B | O58: C | P58: B | Q58: D | R58: C | S58: A | T58: B | U58: B | V58: C | W58: D | X58: C | Y58: D | Z58: D | AA58: D | AB58: B | AC58: C | AD58: C | AE58: E | AF58: B | AG58: =SUMPRODUCT((C58:AF58<>"")*((C58:AF58=$C$57:$AF$57)+($C$57:$AF$57="*")>0)*($C$57:$AF$57<>"")) | AH58: =IF(COUNTA($C$57:$AF$57)>0, AG58/COUNTA($C$57:$AF$57), 0) | AI58: =SUMPRODUCT((C58:V58<>"")*((C58:V58=$C$57:$V$57)+($C$57:$V$57="*")>0)*($C$57:$V$57<>"")) | AJ58: =IF(COUNTA($C$57:$V$57)>0, AI58/COUNTA($C$57:$V$57), 0) | AK58: =SUMPRODUCT((W58:AF58<>"")*((W58:AF58=$W$57:$AF$57)+($W$57:$AF$57="*")>0)*($W$57:$AF$57<>"")) | AL58: =IF(COUNTA($W$57:$AF$57)>0, AK58/COUNTA($W$57:$AF$57), 0)
A59: 2 | B59: Isa Nascimento Almeida | C59: D | D59: A | E59: A | F59: A | G59: E | H59: D | I59: E | J59: D | K59: E | L59: E | M59: D | N59: B | O59: D | P59: B | Q59: A | R59: E | S59: C | T59: A | U59: A | V59: C | W59: D | X59: D | Y59: D | Z59: D | AA59: D | AB59: A | AC59: A | AD59: D | AE59: C | AF59: A | AG59: =SUMPRODUCT((C59:AF59<>"")*((C59:AF59=$C$57:$AF$57)+($C$57:$AF$57="*")>0)*($C$57:$AF$57<>"")) | AH59: =IF(COUNTA($C$57:$AF$57)>0, AG59/COUNTA($C$57:$AF$57), 0) | AI59: =SUMPRODUCT((C59:V59<>"")*((C59:V59=$C$57:$V$57)+($C$57:$V$57="*")>0)*($C$57:$V$57<>"")) | AJ59: =IF(COUNTA($C$57:$V$57)>0, AI59/COUNTA($C$57:$V$57), 0) | AK59: =SUMPRODUCT((W59:AF59<>"")*((W59:AF59=$W$57:$AF$57)+($W$57:$AF$57="*")>0)*($W$57:$AF$57<>"")) | AL59: =IF(COUNTA($W$57:$AF$57)>0, AK59/COUNTA($W$57:$AF$57), 0)
A60: 3 | B60: Isadora Lima Barbosa | C60: D | D60: A | E60: B | F60: A | G60: B | H60: E | I60: C | J60: C | K60: E | L60: E | M60: D | N60: B | O60: B | P60: B | Q60: C | R60: C | S60: C | T60: B | U60: A | V60: C | W60: A | X60: C | Y60: D | Z60: D | AA60: D | AB60: E | AC60: D | AD60: C | AE60: D | AF60: A | AG60: =SUMPRODUCT((C60:AF60<>"")*((C60:AF60=$C$57:$AF$57)+($C$57:$AF$57="*")>0)*($C$57:$AF$57<>"")) | AH60: =IF(COUNTA($C$57:$AF$57)>0, AG60/COUNTA($C$57:$AF$57), 0) | AI60: =SUMPRODUCT((C60:V60<>"")*((C60:V60=$C$57:$V$57)+($C$57:$V$57="*")>0)*($C$57:$V$57<>"")) | AJ60: =IF(COUNTA($C$57:$V$57)>0, AI60/COUNTA($C$57:$V$57), 0) | AK60: =SUMPRODUCT((W60:AF60<>"")*((W60:AF60=$W$57:$AF$57)+($W$57:$AF$57="*")>0)*($W$57:$AF$57<>"")) | AL60: =IF(COUNTA($W$57:$AF$57)>0, AK60/COUNTA($W$57:$AF$57), 0)
A61: 4 | B61: Isaque Ferreira e Santos | C61: D | D61: B | E61: B | F61: D | G61: E | H61: D | I61: C | J61: D | K61: B | L61: E | M61: C | N61: D | O61: E | P61: A | Q61: D | R61: C | S61: C | T61: B | U61: A | V61: B | W61: C | X61: D | Y61: C | Z61: E | AA61: E | AB61: E | AC61: A | AD61: B | AE61: D | AF61: A | AG61: =SUMPRODUCT((C61:AF61<>"")*((C61:AF61=$C$57:$AF$57)+($C$57:$AF$57="*")>0)*($C$57:$AF$57<>"")) | AH61: =IF(COUNTA($C$57:$AF$57)>0, AG61/COUNTA($C$57:$AF$57), 0) | AI61: =SUMPRODUCT((C61:V61<>"")*((C61:V61=$C$57:$V$57)+($C$57:$V$57="*")>0)*($C$57:$V$57<>"")) | AJ61: =IF(COUNTA($C$57:$V$57)>0, AI61/COUNTA($C$57:$V$57), 0) | AK61: =SUMPRODUCT((W61:AF61<>"")*((W61:AF61=$W$57:$AF$57)+($W$57:$AF$57="*")>0)*($W$57:$AF$57<>"")) | AL61: =IF(COUNTA($W$57:$AF$57)>0, AK61/COUNTA($W$57:$AF$57), 0)
A62: 5 | B62: Isis Fonseca Batista | C62: D | D62: A | E62: C | F62: C | G62: D | H62: D | I62: D | J62: B | K62: C | L62: C | M62: D | N62: B | O62: B | P62: A | Q62: C | R62: C | S62: C | T62: B | U62: B | V62: E | W62: B | X62: D | Y62: B | Z62: B | AA62: B | AB62: A | AC62: D | AD62: C | AE62: B | AF62: A | AG62: =SUMPRODUCT((C62:AF62<>"")*((C62:AF62=$C$57:$AF$57)+($C$57:$AF$57="*")>0)*($C$57:$AF$57<>"")) | AH62: =IF(COUNTA($C$57:$AF$57)>0, AG62/COUNTA($C$57:$AF$57), 0) | AI62: =SUMPRODUCT((C62:V62<>"")*((C62:V62=$C$57:$V$57)+($C$57:$V$57="*")>0)*($C$57:$V$57<>"")) | AJ62: =IF(COUNTA($C$57:$V$57)>0, AI62/COUNTA($C$57:$V$57), 0) | AK62: =SUMPRODUCT((W62:AF62<>"")*((W62:AF62=$W$57:$AF$57)+($W$57:$AF$57="*")>0)*($W$57:$AF$57<>"")) | AL62: =IF(COUNTA($W$57:$AF$57)>0, AK62/COUNTA($W$57:$AF$57), 0)
A63: 7 | B63: João Antônio Santana De Almeida | C63: E | D63: D | E63: A | F63: D | G63: E | H63: B | I63: D | J63: E | K63: B | L63: D | M63: D | N63: B | O63: B | P63: A | Q63: C | R63: E | S63: E | T63: D | U63: B | V63: C | W63: B | X63: A | Y63: C | Z63: C | AA63: B | AB63: A | AC63: C | AD63: C | AE63: A | AF63: B | AG63: =SUMPRODUCT((C63:AF63<>"")*((C63:AF63=$C$57:$AF$57)+($C$57:$AF$57="*")>0)*($C$57:$AF$57<>"")) | AH63: =IF(COUNTA($C$57:$AF$57)>0, AG63/COUNTA($C$57:$AF$57), 0) | AI63: =SUMPRODUCT((C63:V63<>"")*((C63:V63=$C$57:$V$57)+($C$57:$V$57="*")>0)*($C$57:$V$57<>"")) | AJ63: =IF(COUNTA($C$57:$V$57)>0, AI63/COUNTA($C$57:$V$57), 0) | AK63: =SUMPRODUCT((W63:AF63<>"")*((W63:AF63=$W$57:$AF$57)+($W$57:$AF$57="*")>0)*($W$57:$AF$57<>"")) | AL63: =IF(COUNTA($W$57:$AF$57)>0, AK63/COUNTA($W$57:$AF$57), 0)
A64: 8 | B64: Júlia Vitória Amaral Soares | C64: E | D64: D | E64: A | F64: A | G64: D | H64: A | I64: D | J64: B | K64: E | L64: B | M64: E | N64: D | O64: E | P64: C | Q64: E | R64: E | S64: C | T64: D | U64: D | V64: E | W64: D | X64: E | Y64: B | Z64: D | AA64: B | AB64: D | AC64: B | AD64: A | AE64: B | AF64: B | AG64: =SUMPRODUCT((C64:AF64<>"")*((C64:AF64=$C$57:$AF$57)+($C$57:$AF$57="*")>0)*($C$57:$AF$57<>"")) | AH64: =IF(COUNTA($C$57:$AF$57)>0, AG64/COUNTA($C$57:$AF$57), 0) | AI64: =SUMPRODUCT((C64:V64<>"")*((C64:V64=$C$57:$V$57)+($C$57:$V$57="*")>0)*($C$57:$V$57<>"")) | AJ64: =IF(COUNTA($C$57:$V$57)>0, AI64/COUNTA($C$57:$V$57), 0) | AK64: =SUMPRODUCT((W64:AF64<>"")*((W64:AF64=$W$57:$AF$57)+($W$57:$AF$57="*")>0)*($W$57:$AF$57<>"")) | AL64: =IF(COUNTA($W$57:$AF$57)>0, AK64/COUNTA($W$57:$AF$57), 0)
A65: 9 | B65: Pedro Gabriel Dutra Souza | C65: D | D65: B | E65: B | F65: A | G65: B | H65: C | I65: D | J65: B | K65: D | L65: D | M65: C | N65: D | O65: B | P65: A | Q65: C | R65: C | S65: C | T65: B | U65: B | V65: E | W65: A | X65: D | Y65: A | Z65: D | AA65: C | AB65: B | AC65: C | AD65: B | AE65: E | AF65: B | AG65: =SUMPRODUCT((C65:AF65<>"")*((C65:AF65=$C$57:$AF$57)+($C$57:$AF$57="*")>0)*($C$57:$AF$57<>"")) | AH65: =IF(COUNTA($C$57:$AF$57)>0, AG65/COUNTA($C$57:$AF$57), 0) | AI65: =SUMPRODUCT((C65:V65<>"")*((C65:V65=$C$57:$V$57)+($C$57:$V$57="*")>0)*($C$57:$V$57<>"")) | AJ65: =IF(COUNTA($C$57:$V$57)>0, AI65/COUNTA($C$57:$V$57), 0) | AK65: =SUMPRODUCT((W65:AF65<>"")*((W65:AF65=$W$57:$AF$57)+($W$57:$AF$57="*")>0)*($W$57:$AF$57<>"")) | AL65: =IF(COUNTA($W$57:$AF$57)>0, AK65/COUNTA($W$57:$AF$57), 0)
A66: 10 | B66: Sophie De Deus Amantes | C66: E | D66: B | E66: A | F66: C | G66: D | H66: C | I66: E | J66: C | K66: C | L66: C | M66: E | N66: B | O66: A | P66: B | Q66: E | R66: B | S66: A | T66: B | U66: D | V66: B | W66: E | X66: C | Y66: A | Z66: C | AA66: A | AB66: A | AC66: C | AD66: D | AE66: A | AF66: A | AG66: =SUMPRODUCT((C66:AF66<>"")*((C66:AF66=$C$57:$AF$57)+($C$57:$AF$57="*")>0)*($C$57:$AF$57<>"")) | AH66: =IF(COUNTA($C$57:$AF$57)>0, AG66/COUNTA($C$57:$AF$57), 0) | AI66: =SUMPRODUCT((C66:V66<>"")*((C66:V66=$C$57:$V$57)+($C$57:$V$57="*")>0)*($C$57:$V$57<>"")) | AJ66: =IF(COUNTA($C$57:$V$57)>0, AI66/COUNTA($C$57:$V$57), 0) | AK66: =SUMPRODUCT((W66:AF66<>"")*((W66:AF66=$W$57:$AF$57)+($W$57:$AF$57="*")>0)*($W$57:$AF$57<>"")) | AL66: =IF(COUNTA($W$57:$AF$57)>0, AK66/COUNTA($W$57:$AF$57), 0)
A68: TURMA: 1ª SÉRIE (8 alunos)
A69: Nº | B69: Nome do Aluno | C69: Q01 | D69: Q02 | E69: Q03 | F69: Q04 | G69: Q05 | H69: Q06 | I69: Q07 | J69: Q08 | K69: Q09 | L69: Q10 | M69: Q11 | N69: Q12 | O69: Q13 | P69: Q14 | Q69: Q15 | R69: Q16 | S69: Q17 | T69: Q18 | U69: Q19 | V69: Q20 | W69: Q21 | X69: Q22 | Y69: Q23 | Z69: Q24 | AA69: Q25 | AB69: Q26 | AC69: Q27 | AD69: Q28 | AE69: Q29 | AF69: Q30 | AG69: Total (30) | AH69: % Geral | AI69: Reading (20) | AJ69: % Reading | AK69: Listening (10) | AL69: % Listening
A70: ★ | B70: [ GABARITO OFICIAL — 1ª SÉRIE ] | C70: A | D70: B | E70: E | F70: C | G70: C | H70: A | I70: D | J70: B | K70: A | L70: E | M70: B | N70: A | O70: A | P70: E | Q70: D | R70: C | S70: A | T70: C | U70: A | V70: A | W70: C | X70: E | Y70: E | Z70: A | AA70: B | AB70: D | AC70: E | AD70: B | AE70: D | AF70: C | AG70: =COUNTA(C70:AF70) | AH70: Gabarito | AI70: =COUNTA(C70:V70) | AJ70: Reading | AK70: =COUNTA(W70:AF70) | AL70: Listening
A71: 1 | B71: Ana Beatriz Soares Norte | C71: A | D71: B | E71: E | F71: C | G71: E | H71: B | I71: B | J71: B | K71: A | L71: E | M71: D | N71: D | O71: B | P71: D | Q71: A | R71: E | S71: C | T71: C | U71: A | V71: A | W71: B | X71: A | Y71: E | Z71: D | AA71: D | AB71: C | AC71: E | AD71: C | AE71: D | AF71: B | AG71: =SUMPRODUCT((C71:AF71<>"")*((C71:AF71=$C$70:$AF$70)+($C$70:$AF$70="*")>0)*($C$70:$AF$70<>"")) | AH71: =IF(COUNTA($C$70:$AF$70)>0, AG71/COUNTA($C$70:$AF$70), 0) | AI71: =SUMPRODUCT((C71:V71<>"")*((C71:V71=$C$70:$V$70)+($C$70:$V$70="*")>0)*($C$70:$V$70<>"")) | AJ71: =IF(COUNTA($C$70:$V$70)>0, AI71/COUNTA($C$70:$V$70), 0) | AK71: =SUMPRODUCT((W71:AF71<>"")*((W71:AF71=$W$70:$AF$70)+($W$70:$AF$70="*")>0)*($W$70:$AF$70<>"")) | AL71: =IF(COUNTA($W$70:$AF$70)>0, AK71/COUNTA($W$70:$AF$70), 0)
A72: 2 | B72: Aryane Alves Silva | C72: E | D72: B | E72: E | F72: C | G72: D | H72: A | I72: D | J72: A | K72: B | L72: C | M72: C | N72: E | O72: D | P72: A | Q72: B | R72: B | S72: A | T72: C | U72: A | V72: E | W72: D | X72: E | Y72: B | Z72: D | AA72: B | AB72: B | AC72: A | AD72: A | AE72: A | AF72: D | AG72: =SUMPRODUCT((C72:AF72<>"")*((C72:AF72=$C$70:$AF$70)+($C$70:$AF$70="*")>0)*($C$70:$AF$70<>"")) | AH72: =IF(COUNTA($C$70:$AF$70)>0, AG72/COUNTA($C$70:$AF$70), 0) | AI72: =SUMPRODUCT((C72:V72<>"")*((C72:V72=$C$70:$V$70)+($C$70:$V$70="*")>0)*($C$70:$V$70<>"")) | AJ72: =IF(COUNTA($C$70:$V$70)>0, AI72/COUNTA($C$70:$V$70), 0) | AK72: =SUMPRODUCT((W72:AF72<>"")*((W72:AF72=$W$70:$AF$70)+($W$70:$AF$70="*")>0)*($W$70:$AF$70<>"")) | AL72: =IF(COUNTA($W$70:$AF$70)>0, AK72/COUNTA($W$70:$AF$70), 0)
A73: 3 | B73: Bruno De Souza Tomich | C73: B | D73: D | E73: A | F73: B | G73: E | H73: C | I73: E | J73: B | K73: E | L73: A | M73: D | N73: B | O73: D | P73: A | Q73: C | R73: E | S73: A | T73: C | U73: C | V73: B | W73: B | X73: A | Y73: E | Z73: D | AA73: A | AB73: A | AC73: D | AD73: B | AE73: B | AF73: C | AG73: =SUMPRODUCT((C73:AF73<>"")*((C73:AF73=$C$70:$AF$70)+($C$70:$AF$70="*")>0)*($C$70:$AF$70<>"")) | AH73: =IF(COUNTA($C$70:$AF$70)>0, AG73/COUNTA($C$70:$AF$70), 0) | AI73: =SUMPRODUCT((C73:V73<>"")*((C73:V73=$C$70:$V$70)+($C$70:$V$70="*")>0)*($C$70:$V$70<>"")) | AJ73: =IF(COUNTA($C$70:$V$70)>0, AI73/COUNTA($C$70:$V$70), 0) | AK73: =SUMPRODUCT((W73:AF73<>"")*((W73:AF73=$W$70:$AF$70)+($W$70:$AF$70="*")>0)*($W$70:$AF$70<>"")) | AL73: =IF(COUNTA($W$70:$AF$70)>0, AK73/COUNTA($W$70:$AF$70), 0)
A74: 4 | B74: Lisi Mendes Rodrigues Trindade | C74: A | D74: D | E74: E | F74: C | G74: B | H74: A | I74: D | J74: A | K74: C | L74: E | M74: C | N74: A | O74: E | P74: A | Q74: A | R74: A | S74: A | T74: D | U74: D | V74: B | W74: C | X74: C | Y74: E | Z74: A | AA74: B | AB74: B | AC74: E | AD74: C | AE74: B | AF74: C | AG74: =SUMPRODUCT((C74:AF74<>"")*((C74:AF74=$C$70:$AF$70)+($C$70:$AF$70="*")>0)*($C$70:$AF$70<>"")) | AH74: =IF(COUNTA($C$70:$AF$70)>0, AG74/COUNTA($C$70:$AF$70), 0) | AI74: =SUMPRODUCT((C74:V74<>"")*((C74:V74=$C$70:$V$70)+($C$70:$V$70="*")>0)*($C$70:$V$70<>"")) | AJ74: =IF(COUNTA($C$70:$V$70)>0, AI74/COUNTA($C$70:$V$70), 0) | AK74: =SUMPRODUCT((W74:AF74<>"")*((W74:AF74=$W$70:$AF$70)+($W$70:$AF$70="*")>0)*($W$70:$AF$70<>"")) | AL74: =IF(COUNTA($W$70:$AF$70)>0, AK74/COUNTA($W$70:$AF$70), 0)
A75: 5 | B75: Luis Felipe Lopes Fonte Nogueira | AG75: =SUMPRODUCT((C75:AF75<>"")*((C75:AF75=$C$70:$AF$70)+($C$70:$AF$70="*")>0)*($C$70:$AF$70<>"")) | AH75: =IF(COUNTA($C$70:$AF$70)>0, AG75/COUNTA($C$70:$AF$70), 0) | AI75: =SUMPRODUCT((C75:V75<>"")*((C75:V75=$C$70:$V$70)+($C$70:$V$70="*")>0)*($C$70:$V$70<>"")) | AJ75: =IF(COUNTA($C$70:$V$70)>0, AI75/COUNTA($C$70:$V$70), 0) | AK75: =SUMPRODUCT((W75:AF75<>"")*((W75:AF75=$W$70:$AF$70)+($W$70:$AF$70="*")>0)*($W$70:$AF$70<>"")) | AL75: =IF(COUNTA($W$70:$AF$70)>0, AK75/COUNTA($W$70:$AF$70), 0)
A76: 6 | B76: Maria Clara Santos Boa Sorte | C76: D | D76: B | E76: E | F76: B | G76: E | H76: A | I76: B | J76: D | K76: B | L76: C | M76: C | N76: B | O76: C | P76: C | Q76: B | R76: A | S76: A | T76: A | U76: D | V76: E | W76: B | X76: A | Y76: B | Z76: C | AA76: D | AB76: B | AC76: B | AD76: D | AE76: D | AF76: C | AG76: =SUMPRODUCT((C76:AF76<>"")*((C76:AF76=$C$70:$AF$70)+($C$70:$AF$70="*")>0)*($C$70:$AF$70<>"")) | AH76: =IF(COUNTA($C$70:$AF$70)>0, AG76/COUNTA($C$70:$AF$70), 0) | AI76: =SUMPRODUCT((C76:V76<>"")*((C76:V76=$C$70:$V$70)+($C$70:$V$70="*")>0)*($C$70:$V$70<>"")) | AJ76: =IF(COUNTA($C$70:$V$70)>0, AI76/COUNTA($C$70:$V$70), 0) | AK76: =SUMPRODUCT((W76:AF76<>"")*((W76:AF76=$W$70:$AF$70)+($W$70:$AF$70="*")>0)*($W$70:$AF$70<>"")) | AL76: =IF(COUNTA($W$70:$AF$70)>0, AK76/COUNTA($W$70:$AF$70), 0)
A77: 7 | B77: Maysa Reis De Oliveira | C77: A | D77: E | E77: E | F77: B | G77: B | H77: A | I77: D | J77: B | K77: B | L77: E | M77: B | N77: A | O77: D | P77: D | Q77: A | R77: C | S77: A | T77: D | U77: E | V77: C | W77: A | X77: E | Y77: E | Z77: C | AA77: B | AB77: B | AC77: E | AD77: C | AE77: D | AF77: D | AG77: =SUMPRODUCT((C77:AF77<>"")*((C77:AF77=$C$70:$AF$70)+($C$70:$AF$70="*")>0)*($C$70:$AF$70<>"")) | AH77: =IF(COUNTA($C$70:$AF$70)>0, AG77/COUNTA($C$70:$AF$70), 0) | AI77: =SUMPRODUCT((C77:V77<>"")*((C77:V77=$C$70:$V$70)+($C$70:$V$70="*")>0)*($C$70:$V$70<>"")) | AJ77: =IF(COUNTA($C$70:$V$70)>0, AI77/COUNTA($C$70:$V$70), 0) | AK77: =SUMPRODUCT((W77:AF77<>"")*((W77:AF77=$W$70:$AF$70)+($W$70:$AF$70="*")>0)*($W$70:$AF$70<>"")) | AL77: =IF(COUNTA($W$70:$AF$70)>0, AK77/COUNTA($W$70:$AF$70), 0)
A78: 8 | B78: Yasmin Rodrigues de Souza Vieira | C78: D | D78: E | E78: B | F78: D | G78: A | H78: B | I78: D | J78: A | K78: C | L78: C | M78: B | N78: A | O78: A | P78: B | Q78: C | R78: B | S78: A | T78: A | U78: E | V78: C | W78: D | X78: C | Y78: E | Z78: D | AA78: B | AB78: B | AC78: E | AD78: E | AE78: E | AF78: B | AG78: =SUMPRODUCT((C78:AF78<>"")*((C78:AF78=$C$70:$AF$70)+($C$70:$AF$70="*")>0)*($C$70:$AF$70<>"")) | AH78: =IF(COUNTA($C$70:$AF$70)>0, AG78/COUNTA($C$70:$AF$70), 0) | AI78: =SUMPRODUCT((C78:V78<>"")*((C78:V78=$C$70:$V$70)+($C$70:$V$70="*")>0)*($C$70:$V$70<>"")) | AJ78: =IF(COUNTA($C$70:$V$70)>0, AI78/COUNTA($C$70:$V$70), 0) | AK78: =SUMPRODUCT((W78:AF78<>"")*((W78:AF78=$W$70:$AF$70)+($W$70:$AF$70="*")>0)*($W$70:$AF$70<>"")) | AL78: =IF(COUNTA($W$70:$AF$70)>0, AK78/COUNTA($W$70:$AF$70), 0)
A80: TURMA: 2ª SÉRIE (10 alunos)
A81: Nº | B81: Nome do Aluno | C81: Q01 | D81: Q02 | E81: Q03 | F81: Q04 | G81: Q05 | H81: Q06 | I81: Q07 | J81: Q08 | K81: Q09 | L81: Q10 | M81: Q11 | N81: Q12 | O81: Q13 | P81: Q14 | Q81: Q15 | R81: Q16 | S81: Q17 | T81: Q18 | U81: Q19 | V81: Q20 | W81: Q21 | X81: Q22 | Y81: Q23 | Z81: Q24 | AA81: Q25 | AB81: Q26 | AC81: Q27 | AD81: Q28 | AE81: Q29 | AF81: Q30 | AG81: Total (30) | AH81: % Geral | AI81: Reading (20) | AJ81: % Reading | AK81: Listening (10) | AL81: % Listening
A82: ★ | B82: [ GABARITO OFICIAL — 2ª SÉRIE ] | C82: A | D82: B | E82: E | F82: C | G82: C | H82: A | I82: D | J82: B | K82: A | L82: E | M82: B | N82: A | O82: A | P82: E | Q82: D | R82: C | S82: A | T82: C | U82: A | V82: A | W82: C | X82: E | Y82: E | Z82: A | AA82: B | AB82: D | AC82: E | AD82: B | AE82: D | AF82: C | AG82: =COUNTA(C82:AF82) | AH82: Gabarito | AI82: =COUNTA(C82:V82) | AJ82: Reading | AK82: =COUNTA(W82:AF82) | AL82: Listening
A83: 1 | B83: Anne Beatrice Oliveira Costa | C83: B | D83: E | E83: E | F83: B | G83: B | H83: C | I83: A | J83: D | K83: C | L83: C | M83: D | N83: C | O83: B | P83: D | Q83: A | R83: A | S83: A | T83: C | U83: C | V83: E | W83: E | X83: D | Y83: E | Z83: A | AA83: A | AB83: D | AC83: C | AD83: A | AE83: A | AF83: C | AG83: =SUMPRODUCT((C83:AF83<>"")*((C83:AF83=$C$82:$AF$82)+($C$82:$AF$82="*")>0)*($C$82:$AF$82<>"")) | AH83: =IF(COUNTA($C$82:$AF$82)>0, AG83/COUNTA($C$82:$AF$82), 0) | AI83: =SUMPRODUCT((C83:V83<>"")*((C83:V83=$C$82:$V$82)+($C$82:$V$82="*")>0)*($C$82:$V$82<>"")) | AJ83: =IF(COUNTA($C$82:$V$82)>0, AI83/COUNTA($C$82:$V$82), 0) | AK83: =SUMPRODUCT((W83:AF83<>"")*((W83:AF83=$W$82:$AF$82)+($W$82:$AF$82="*")>0)*($W$82:$AF$82<>"")) | AL83: =IF(COUNTA($W$82:$AF$82)>0, AK83/COUNTA($W$82:$AF$82), 0)
A84: 2 | B84: Eros Cantão Cangussu | C84: B | D84: C | E84: E | F84: B | G84: E | I84: A | J84: C | K84: E | L84: C | M84: B | N84: A | O84: B | P84: B | Q84: D | R84: B | S84: B | T84: C | U84: C | V84: D | W84: A | X84: E | Y84: B | Z84: C | AA84: E | AB84: C | AC84: E | AD84: A | AE84: D | AF84: B | AG84: =SUMPRODUCT((C84:AF84<>"")*((C84:AF84=$C$82:$AF$82)+($C$82:$AF$82="*")>0)*($C$82:$AF$82<>"")) | AH84: =IF(COUNTA($C$82:$AF$82)>0, AG84/COUNTA($C$82:$AF$82), 0) | AI84: =SUMPRODUCT((C84:V84<>"")*((C84:V84=$C$82:$V$82)+($C$82:$V$82="*")>0)*($C$82:$V$82<>"")) | AJ84: =IF(COUNTA($C$82:$V$82)>0, AI84/COUNTA($C$82:$V$82), 0) | AK84: =SUMPRODUCT((W84:AF84<>"")*((W84:AF84=$W$82:$AF$82)+($W$82:$AF$82="*")>0)*($W$82:$AF$82<>"")) | AL84: =IF(COUNTA($W$82:$AF$82)>0, AK84/COUNTA($W$82:$AF$82), 0)
A85: 3 | B85: Isa Silva Nogueira De Oliveira | C85: D | D85: B | E85: E | F85: B | G85: A | H85: B | I85: C | J85: B | K85: A | L85: E | M85: B | N85: A | O85: D | P85: E | Q85: C | R85: A | S85: B | T85: C | U85: E | V85: D | W85: E | X85: C | Y85: C | Z85: B | AA85: B | AB85: D | AC85: B | AD85: D | AE85: D | AF85: B | AG85: =SUMPRODUCT((C85:AF85<>"")*((C85:AF85=$C$82:$AF$82)+($C$82:$AF$82="*")>0)*($C$82:$AF$82<>"")) | AH85: =IF(COUNTA($C$82:$AF$82)>0, AG85/COUNTA($C$82:$AF$82), 0) | AI85: =SUMPRODUCT((C85:V85<>"")*((C85:V85=$C$82:$V$82)+($C$82:$V$82="*")>0)*($C$82:$V$82<>"")) | AJ85: =IF(COUNTA($C$82:$V$82)>0, AI85/COUNTA($C$82:$V$82), 0) | AK85: =SUMPRODUCT((W85:AF85<>"")*((W85:AF85=$W$82:$AF$82)+($W$82:$AF$82="*")>0)*($W$82:$AF$82<>"")) | AL85: =IF(COUNTA($W$82:$AF$82)>0, AK85/COUNTA($W$82:$AF$82), 0)
A86: 4 | B86: João Gabriel Dias Souto | C86: A | D86: A | E86: E | F86: C | G86: B | H86: A | I86: D | J86: B | K86: B | L86: E | M86: A | N86: A | O86: D | P86: E | Q86: E | R86: D | S86: B | T86: E | U86: E | V86: A | W86: E | X86: E | Y86: E | Z86: A | AA86: B | AB86: D | AC86: B | AD86: C | AE86: D | AF86: C | AG86: =SUMPRODUCT((C86:AF86<>"")*((C86:AF86=$C$82:$AF$82)+($C$82:$AF$82="*")>0)*($C$82:$AF$82<>"")) | AH86: =IF(COUNTA($C$82:$AF$82)>0, AG86/COUNTA($C$82:$AF$82), 0) | AI86: =SUMPRODUCT((C86:V86<>"")*((C86:V86=$C$82:$V$82)+($C$82:$V$82="*")>0)*($C$82:$V$82<>"")) | AJ86: =IF(COUNTA($C$82:$V$82)>0, AI86/COUNTA($C$82:$V$82), 0) | AK86: =SUMPRODUCT((W86:AF86<>"")*((W86:AF86=$W$82:$AF$82)+($W$82:$AF$82="*")>0)*($W$82:$AF$82<>"")) | AL86: =IF(COUNTA($W$82:$AF$82)>0, AK86/COUNTA($W$82:$AF$82), 0)
A87: 5 | B87: João Pedro Aguilar Vieira Braga | C87: E | D87: B | E87: E | F87: C | G87: E | H87: A | I87: D | J87: B | K87: B | L87: E | M87: A | N87: A | O87: A | P87: D | Q87: C | R87: C | S87: A | T87: D | U87: E | V87: A | W87: C | X87: C | Y87: E | Z87: A | AA87: B | AB87: D | AC87: E | AD87: B | AE87: D | AF87: C | AG87: =SUMPRODUCT((C87:AF87<>"")*((C87:AF87=$C$82:$AF$82)+($C$82:$AF$82="*")>0)*($C$82:$AF$82<>"")) | AH87: =IF(COUNTA($C$82:$AF$82)>0, AG87/COUNTA($C$82:$AF$82), 0) | AI87: =SUMPRODUCT((C87:V87<>"")*((C87:V87=$C$82:$V$82)+($C$82:$V$82="*")>0)*($C$82:$V$82<>"")) | AJ87: =IF(COUNTA($C$82:$V$82)>0, AI87/COUNTA($C$82:$V$82), 0) | AK87: =SUMPRODUCT((W87:AF87<>"")*((W87:AF87=$W$82:$AF$82)+($W$82:$AF$82="*")>0)*($W$82:$AF$82<>"")) | AL87: =IF(COUNTA($W$82:$AF$82)>0, AK87/COUNTA($W$82:$AF$82), 0)
A88: 6 | B88: Luiz Fernando Alves Da Silva Filho | C88: C | D88: B | E88: A | F88: A | G88: C | H88: C | I88: D | J88: D | K88: C | L88: C | M88: A | N88: C | O88: A | P88: A | Q88: B | R88: B | S88: D | T88: D | U88: E | V88: C | W88: B | X88: B | Y88: C | Z88: B | AA88: B | AB88: B | AC88: B | AD88: B | AE88: B | AF88: B | AG88: =SUMPRODUCT((C88:AF88<>"")*((C88:AF88=$C$82:$AF$82)+($C$82:$AF$82="*")>0)*($C$82:$AF$82<>"")) | AH88: =IF(COUNTA($C$82:$AF$82)>0, AG88/COUNTA($C$82:$AF$82), 0) | AI88: =SUMPRODUCT((C88:V88<>"")*((C88:V88=$C$82:$V$82)+($C$82:$V$82="*")>0)*($C$82:$V$82<>"")) | AJ88: =IF(COUNTA($C$82:$V$82)>0, AI88/COUNTA($C$82:$V$82), 0) | AK88: =SUMPRODUCT((W88:AF88<>"")*((W88:AF88=$W$82:$AF$82)+($W$82:$AF$82="*")>0)*($W$82:$AF$82<>"")) | AL88: =IF(COUNTA($W$82:$AF$82)>0, AK88/COUNTA($W$82:$AF$82), 0)
A89: 7 | B89: Mariana Quaresma Silveira | AG89: =SUMPRODUCT((C89:AF89<>"")*((C89:AF89=$C$82:$AF$82)+($C$82:$AF$82="*")>0)*($C$82:$AF$82<>"")) | AH89: =IF(COUNTA($C$82:$AF$82)>0, AG89/COUNTA($C$82:$AF$82), 0) | AI89: =SUMPRODUCT((C89:V89<>"")*((C89:V89=$C$82:$V$82)+($C$82:$V$82="*")>0)*($C$82:$V$82<>"")) | AJ89: =IF(COUNTA($C$82:$V$82)>0, AI89/COUNTA($C$82:$V$82), 0) | AK89: =SUMPRODUCT((W89:AF89<>"")*((W89:AF89=$W$82:$AF$82)+($W$82:$AF$82="*")>0)*($W$82:$AF$82<>"")) | AL89: =IF(COUNTA($W$82:$AF$82)>0, AK89/COUNTA($W$82:$AF$82), 0)
A90: 8 | B90: Melissa Silva Cardoso | C90: A | D90: B | E90: E | F90: A | G90: C | H90: E | I90: D | J90: C | K90: E | L90: C | M90: B | N90: D | O90: C | P90: E | Q90: B | R90: D | S90: E | T90: A | U90: B | V90: A | W90: B | X90: E | Y90: B | Z90: A | AA90: C | AB90: D | AC90: C | AD90: E | AE90: D | AF90: C | AG90: =SUMPRODUCT((C90:AF90<>"")*((C90:AF90=$C$82:$AF$82)+($C$82:$AF$82="*")>0)*($C$82:$AF$82<>"")) | AH90: =IF(COUNTA($C$82:$AF$82)>0, AG90/COUNTA($C$82:$AF$82), 0) | AI90: =SUMPRODUCT((C90:V90<>"")*((C90:V90=$C$82:$V$82)+($C$82:$V$82="*")>0)*($C$82:$V$82<>"")) | AJ90: =IF(COUNTA($C$82:$V$82)>0, AI90/COUNTA($C$82:$V$82), 0) | AK90: =SUMPRODUCT((W90:AF90<>"")*((W90:AF90=$W$82:$AF$82)+($W$82:$AF$82="*")>0)*($W$82:$AF$82<>"")) | AL90: =IF(COUNTA($W$82:$AF$82)>0, AK90/COUNTA($W$82:$AF$82), 0)
A91: 9 | B91: Sam Antunes Cabral | C91: A | D91: B | E91: C | F91: D | G91: D | H91: A | I91: E | J91: D | K91: E | L91: D | M91: B | N91: A | O91: E | P91: C | Q91: D | R91: B | S91: B | T91: C | U91: E | V91: A | W91: B | X91: E | Y91: E | Z91: A | AA91: B | AB91: A | AC91: C | AD91: B | AE91: D | AF91: C | AG91: =SUMPRODUCT((C91:AF91<>"")*((C91:AF91=$C$82:$AF$82)+($C$82:$AF$82="*")>0)*($C$82:$AF$82<>"")) | AH91: =IF(COUNTA($C$82:$AF$82)>0, AG91/COUNTA($C$82:$AF$82), 0) | AI91: =SUMPRODUCT((C91:V91<>"")*((C91:V91=$C$82:$V$82)+($C$82:$V$82="*")>0)*($C$82:$V$82<>"")) | AJ91: =IF(COUNTA($C$82:$V$82)>0, AI91/COUNTA($C$82:$V$82), 0) | AK91: =SUMPRODUCT((W91:AF91<>"")*((W91:AF91=$W$82:$AF$82)+($W$82:$AF$82="*")>0)*($W$82:$AF$82<>"")) | AL91: =IF(COUNTA($W$82:$AF$82)>0, AK91/COUNTA($W$82:$AF$82), 0)
A92: 10 | B92: Sara Barbosa Da Silva | C92: A | D92: B | E92: E | F92: C | G92: E | H92: A | I92: D | J92: B | K92: B | L92: E | M92: B | N92: A | O92: E | P92: E | Q92: D | R92: C | S92: A | T92: C | U92: C | V92: C | W92: E | X92: E | Y92: E | Z92: A | AA92: B | AB92: D | AC92: E | AD92: B | AE92: D | AF92: C | AG92: =SUMPRODUCT((C92:AF92<>"")*((C92:AF92=$C$82:$AF$82)+($C$82:$AF$82="*")>0)*($C$82:$AF$82<>"")) | AH92: =IF(COUNTA($C$82:$AF$82)>0, AG92/COUNTA($C$82:$AF$82), 0) | AI92: =SUMPRODUCT((C92:V92<>"")*((C92:V92=$C$82:$V$82)+($C$82:$V$82="*")>0)*($C$82:$V$82<>"")) | AJ92: =IF(COUNTA($C$82:$V$82)>0, AI92/COUNTA($C$82:$V$82), 0) | AK92: =SUMPRODUCT((W92:AF92<>"")*((W92:AF92=$W$82:$AF$82)+($W$82:$AF$82="*")>0)*($W$82:$AF$82<>"")) | AL92: =IF(COUNTA($W$82:$AF$82)>0, AK92/COUNTA($W$82:$AF$82), 0)
A94: TURMA: 3ª SÉRIE (12 alunos)
A95: Nº | B95: Nome do Aluno | C95: Q01 | D95: Q02 | E95: Q03 | F95: Q04 | G95: Q05 | H95: Q06 | I95: Q07 | J95: Q08 | K95: Q09 | L95: Q10 | M95: Q11 | N95: Q12 | O95: Q13 | P95: Q14 | Q95: Q15 | R95: Q16 | S95: Q17 | T95: Q18 | U95: Q19 | V95: Q20 | W95: Q21 | X95: Q22 | Y95: Q23 | Z95: Q24 | AA95: Q25 | AB95: Q26 | AC95: Q27 | AD95: Q28 | AE95: Q29 | AF95: Q30 | AG95: Total (30) | AH95: % Geral | AI95: Reading (20) | AJ95: % Reading | AK95: Listening (10) | AL95: % Listening
A96: ★ | B96: [ GABARITO OFICIAL — 3ª SÉRIE ] | C96: A | D96: B | E96: E | F96: C | G96: C | H96: A | I96: D | J96: B | K96: A | L96: E | M96: B | N96: A | O96: A | P96: E | Q96: D | R96: C | S96: A | T96: C | U96: A | V96: A | W96: C | X96: E | Y96: E | Z96: A | AA96: B | AB96: D | AC96: E | AD96: B | AE96: D | AF96: C | AG96: =COUNTA(C96:AF96) | AH96: Gabarito | AI96: =COUNTA(C96:V96) | AJ96: Reading | AK96: =COUNTA(W96:AF96) | AL96: Listening
A97: 1 | B97: Allicia Sena De Figueiredo | C97: A | D97: B | E97: E | F97: C | G97: A | H97: E | I97: D | J97: B | K97: B | L97: D | M97: B | N97: A | O97: E | P97: E | Q97: D | R97: B | S97: A | T97: A | U97: A | V97: C | W97: E | X97: E | Y97: A | Z97: D | AA97: B | AB97: D | AC97: E | AD97: B | AE97: D | AF97: C | AG97: =SUMPRODUCT((C97:AF97<>"")*((C97:AF97=$C$96:$AF$96)+($C$96:$AF$96="*")>0)*($C$96:$AF$96<>"")) | AH97: =IF(COUNTA($C$96:$AF$96)>0, AG97/COUNTA($C$96:$AF$96), 0) | AI97: =SUMPRODUCT((C97:V97<>"")*((C97:V97=$C$96:$V$96)+($C$96:$V$96="*")>0)*($C$96:$V$96<>"")) | AJ97: =IF(COUNTA($C$96:$V$96)>0, AI97/COUNTA($C$96:$V$96), 0) | AK97: =SUMPRODUCT((W97:AF97<>"")*((W97:AF97=$W$96:$AF$96)+($W$96:$AF$96="*")>0)*($W$96:$AF$96<>"")) | AL97: =IF(COUNTA($W$96:$AF$96)>0, AK97/COUNTA($W$96:$AF$96), 0)
A98: 2 | B98: Ana Maria Ferreira Morais | C98: A | D98: B | E98: E | F98: C | G98: D | H98: E | I98: B | J98: B | K98: B | L98: C | M98: D | N98: A | O98: D | P98: C | Q98: D | R98: E | S98: A | T98: B | U98: B | V98: A | W98: E | X98: E | Y98: A | Z98: D | AA98: B | AB98: D | AC98: E | AD98: B | AE98: B | AF98: C | AG98: =SUMPRODUCT((C98:AF98<>"")*((C98:AF98=$C$96:$AF$96)+($C$96:$AF$96="*")>0)*($C$96:$AF$96<>"")) | AH98: =IF(COUNTA($C$96:$AF$96)>0, AG98/COUNTA($C$96:$AF$96), 0) | AI98: =SUMPRODUCT((C98:V98<>"")*((C98:V98=$C$96:$V$96)+($C$96:$V$96="*")>0)*($C$96:$V$96<>"")) | AJ98: =IF(COUNTA($C$96:$V$96)>0, AI98/COUNTA($C$96:$V$96), 0) | AK98: =SUMPRODUCT((W98:AF98<>"")*((W98:AF98=$W$96:$AF$96)+($W$96:$AF$96="*")>0)*($W$96:$AF$96<>"")) | AL98: =IF(COUNTA($W$96:$AF$96)>0, AK98/COUNTA($W$96:$AF$96), 0)
A99: 3 | B99: Breno Martins Coelho Da Cruz | C99: C | D99: D | E99: A | F99: E | G99: E | H99: A | I99: A | J99: E | K99: A | L99: A | M99: C | N99: E | O99: B | P99: E | Q99: B | R99: D | S99: E | T99: A | U99: A | V99: C | W99: E | X99: E | Y99: A | Z99: D | AA99: B | AB99: D | AC99: E | AD99: B | AE99: D | AF99: C | AG99: =SUMPRODUCT((C99:AF99<>"")*((C99:AF99=$C$96:$AF$96)+($C$96:$AF$96="*")>0)*($C$96:$AF$96<>"")) | AH99: =IF(COUNTA($C$96:$AF$96)>0, AG99/COUNTA($C$96:$AF$96), 0) | AI99: =SUMPRODUCT((C99:V99<>"")*((C99:V99=$C$96:$V$96)+($C$96:$V$96="*")>0)*($C$96:$V$96<>"")) | AJ99: =IF(COUNTA($C$96:$V$96)>0, AI99/COUNTA($C$96:$V$96), 0) | AK99: =SUMPRODUCT((W99:AF99<>"")*((W99:AF99=$W$96:$AF$96)+($W$96:$AF$96="*")>0)*($W$96:$AF$96<>"")) | AL99: =IF(COUNTA($W$96:$AF$96)>0, AK99/COUNTA($W$96:$AF$96), 0)
A100: 4 | B100: Davy Luca Galvao Da Silva | C100: A | D100: B | E100: B | F100: A | G100: B | H100: D | I100: C | J100: B | K100: B | L100: C | M100: A | N100: E | O100: B | P100: A | Q100: C | R100: D | S100: C | T100: B | U100: A | V100: C | W100: E | X100: E | Y100: A | Z100: D | AA100: B | AB100: D | AC100: E | AD100: B | AE100: D | AF100: C | AG100: =SUMPRODUCT((C100:AF100<>"")*((C100:AF100=$C$96:$AF$96)+($C$96:$AF$96="*")>0)*($C$96:$AF$96<>"")) | AH100: =IF(COUNTA($C$96:$AF$96)>0, AG100/COUNTA($C$96:$AF$96), 0) | AI100: =SUMPRODUCT((C100:V100<>"")*((C100:V100=$C$96:$V$96)+($C$96:$V$96="*")>0)*($C$96:$V$96<>"")) | AJ100: =IF(COUNTA($C$96:$V$96)>0, AI100/COUNTA($C$96:$V$96), 0) | AK100: =SUMPRODUCT((W100:AF100<>"")*((W100:AF100=$W$96:$AF$96)+($W$96:$AF$96="*")>0)*($W$96:$AF$96<>"")) | AL100: =IF(COUNTA($W$96:$AF$96)>0, AK100/COUNTA($W$96:$AF$96), 0)
A101: 5 | B101: João Gabriel Lemes Almeida Dos Santos | C101: A | D101: B | E101: B | F101: D | G101: C | H101: A | I101: A | J101: E | K101: D | L101: B | M101: A | N101: D | O101: C | P101: B | Q101: A | R101: E | S101: C | T101: A | U101: D | V101: B | W101: E | X101: E | Y101: A | Z101: D | AA101: B | AB101: D | AC101: E | AD101: B | AE101: D | AF101: C | AG101: =SUMPRODUCT((C101:AF101<>"")*((C101:AF101=$C$96:$AF$96)+($C$96:$AF$96="*")>0)*($C$96:$AF$96<>"")) | AH101: =IF(COUNTA($C$96:$AF$96)>0, AG101/COUNTA($C$96:$AF$96), 0) | AI101: =SUMPRODUCT((C101:V101<>"")*((C101:V101=$C$96:$V$96)+($C$96:$V$96="*")>0)*($C$96:$V$96<>"")) | AJ101: =IF(COUNTA($C$96:$V$96)>0, AI101/COUNTA($C$96:$V$96), 0) | AK101: =SUMPRODUCT((W101:AF101<>"")*((W101:AF101=$W$96:$AF$96)+($W$96:$AF$96="*")>0)*($W$96:$AF$96<>"")) | AL101: =IF(COUNTA($W$96:$AF$96)>0, AK101/COUNTA($W$96:$AF$96), 0)
A102: 6 | B102: Joaquim Amaral Mendes | AG102: =SUMPRODUCT((C102:AF102<>"")*((C102:AF102=$C$96:$AF$96)+($C$96:$AF$96="*")>0)*($C$96:$AF$96<>"")) | AH102: =IF(COUNTA($C$96:$AF$96)>0, AG102/COUNTA($C$96:$AF$96), 0) | AI102: =SUMPRODUCT((C102:V102<>"")*((C102:V102=$C$96:$V$96)+($C$96:$V$96="*")>0)*($C$96:$V$96<>"")) | AJ102: =IF(COUNTA($C$96:$V$96)>0, AI102/COUNTA($C$96:$V$96), 0) | AK102: =SUMPRODUCT((W102:AF102<>"")*((W102:AF102=$W$96:$AF$96)+($W$96:$AF$96="*")>0)*($W$96:$AF$96<>"")) | AL102: =IF(COUNTA($W$96:$AF$96)>0, AK102/COUNTA($W$96:$AF$96), 0)
A103: 7 | B103: Kevyn Leonardo Ramos Rodrigues | C103: B | D103: E | E103: A | F103: C | G103: D | H103: C | I103: E | J103: B | K103: E | L103: A | M103: A | N103: E | O103: D | P103: B | Q103: B | R103: E | S103: C | T103: A | U103: D | V103: C | W103: E | X103: E | Y103: A | Z103: D | AA103: B | AB103: D | AC103: E | AD103: B | AE103: D | AF103: C | AG103: =SUMPRODUCT((C103:AF103<>"")*((C103:AF103=$C$96:$AF$96)+($C$96:$AF$96="*")>0)*($C$96:$AF$96<>"")) | AH103: =IF(COUNTA($C$96:$AF$96)>0, AG103/COUNTA($C$96:$AF$96), 0) | AI103: =SUMPRODUCT((C103:V103<>"")*((C103:V103=$C$96:$V$96)+($C$96:$V$96="*")>0)*($C$96:$V$96<>"")) | AJ103: =IF(COUNTA($C$96:$V$96)>0, AI103/COUNTA($C$96:$V$96), 0) | AK103: =SUMPRODUCT((W103:AF103<>"")*((W103:AF103=$W$96:$AF$96)+($W$96:$AF$96="*")>0)*($W$96:$AF$96<>"")) | AL103: =IF(COUNTA($W$96:$AF$96)>0, AK103/COUNTA($W$96:$AF$96), 0)
A104: 8 | B104: Laura Lima Porto | C104: A | D104: E | E104: E | F104: C | G104: E | H104: A | I104: D | J104: B | K104: B | L104: A | M104: A | N104: A | O104: A | P104: A | Q104: A | R104: A | S104: D | T104: D | U104: B | V104: C | W104: E | X104: D | Y104: A | Z104: D | AA104: D | AB104: D | AC104: B | AD104: B | AE104: D | AF104: C | AG104: =SUMPRODUCT((C104:AF104<>"")*((C104:AF104=$C$96:$AF$96)+($C$96:$AF$96="*")>0)*($C$96:$AF$96<>"")) | AH104: =IF(COUNTA($C$96:$AF$96)>0, AG104/COUNTA($C$96:$AF$96), 0) | AI104: =SUMPRODUCT((C104:V104<>"")*((C104:V104=$C$96:$V$96)+($C$96:$V$96="*")>0)*($C$96:$V$96<>"")) | AJ104: =IF(COUNTA($C$96:$V$96)>0, AI104/COUNTA($C$96:$V$96), 0) | AK104: =SUMPRODUCT((W104:AF104<>"")*((W104:AF104=$W$96:$AF$96)+($W$96:$AF$96="*")>0)*($W$96:$AF$96<>"")) | AL104: =IF(COUNTA($W$96:$AF$96)>0, AK104/COUNTA($W$96:$AF$96), 0)
A105: 9 | B105: Maria Eduarda Rebouças Brandão | C105: A | D105: B | E105: E | F105: C | G105: E | H105: A | I105: D | J105: B | K105: A | L105: E | M105: A | N105: A | O105: A | P105: E | Q105: C | R105: C | S105: A | T105: C | U105: A | V105: A | W105: E | X105: E | Y105: A | Z105: D | AA105: B | AB105: D | AC105: E | AD105: B | AE105: D | AF105: C | AG105: =SUMPRODUCT((C105:AF105<>"")*((C105:AF105=$C$96:$AF$96)+($C$96:$AF$96="*")>0)*($C$96:$AF$96<>"")) | AH105: =IF(COUNTA($C$96:$AF$96)>0, AG105/COUNTA($C$96:$AF$96), 0) | AI105: =SUMPRODUCT((C105:V105<>"")*((C105:V105=$C$96:$V$96)+($C$96:$V$96="*")>0)*($C$96:$V$96<>"")) | AJ105: =IF(COUNTA($C$96:$V$96)>0, AI105/COUNTA($C$96:$V$96), 0) | AK105: =SUMPRODUCT((W105:AF105<>"")*((W105:AF105=$W$96:$AF$96)+($W$96:$AF$96="*")>0)*($W$96:$AF$96<>"")) | AL105: =IF(COUNTA($W$96:$AF$96)>0, AK105/COUNTA($W$96:$AF$96), 0)
A106: 10 | B106: Maria Laura Alves Luz | AG106: =SUMPRODUCT((C106:AF106<>"")*((C106:AF106=$C$96:$AF$96)+($C$96:$AF$96="*")>0)*($C$96:$AF$96<>"")) | AH106: =IF(COUNTA($C$96:$AF$96)>0, AG106/COUNTA($C$96:$AF$96), 0) | AI106: =SUMPRODUCT((C106:V106<>"")*((C106:V106=$C$96:$V$96)+($C$96:$V$96="*")>0)*($C$96:$V$96<>"")) | AJ106: =IF(COUNTA($C$96:$V$96)>0, AI106/COUNTA($C$96:$V$96), 0) | AK106: =SUMPRODUCT((W106:AF106<>"")*((W106:AF106=$W$96:$AF$96)+($W$96:$AF$96="*")>0)*($W$96:$AF$96<>"")) | AL106: =IF(COUNTA($W$96:$AF$96)>0, AK106/COUNTA($W$96:$AF$96), 0)
A107: 11 | B107: Samuel Sedlmayer Souza | C107: B | D107: B | E107: D | F107: A | G107: D | H107: C | I107: A | J107: E | K107: D | L107: D | M107: A | N107: B | O107: B | P107: B | Q107: A | R107: E | S107: B | T107: A | U107: D | V107: A | W107: E | X107: E | Y107: A | Z107: D | AA107: B | AB107: D | AC107: E | AD107: B | AE107: D | AF107: C | AG107: =SUMPRODUCT((C107:AF107<>"")*((C107:AF107=$C$96:$AF$96)+($C$96:$AF$96="*")>0)*($C$96:$AF$96<>"")) | AH107: =IF(COUNTA($C$96:$AF$96)>0, AG107/COUNTA($C$96:$AF$96), 0) | AI107: =SUMPRODUCT((C107:V107<>"")*((C107:V107=$C$96:$V$96)+($C$96:$V$96="*")>0)*($C$96:$V$96<>"")) | AJ107: =IF(COUNTA($C$96:$V$96)>0, AI107/COUNTA($C$96:$V$96), 0) | AK107: =SUMPRODUCT((W107:AF107<>"")*((W107:AF107=$W$96:$AF$96)+($W$96:$AF$96="*")>0)*($W$96:$AF$96<>"")) | AL107: =IF(COUNTA($W$96:$AF$96)>0, AK107/COUNTA($W$96:$AF$96), 0)
A108: 12 | B108: Vitor José Rodrigues Jardim | C108: B | D108: D | E108: A | F108: E | G108: D | H108: A | I108: E | J108: C | K108: E | L108: C | M108: B | N108: D | O108: C | P108: E | Q108: A | R108: E | S108: A | T108: E | U108: C | V108: D | W108: E | X108: E | Y108: A | Z108: C | AA108: B | AB108: D | AC108: E | AD108: B | AE108: D | AF108: C | AG108: =SUMPRODUCT((C108:AF108<>"")*((C108:AF108=$C$96:$AF$96)+($C$96:$AF$96="*")>0)*($C$96:$AF$96<>"")) | AH108: =IF(COUNTA($C$96:$AF$96)>0, AG108/COUNTA($C$96:$AF$96), 0) | AI108: =SUMPRODUCT((C108:V108<>"")*((C108:V108=$C$96:$V$96)+($C$96:$V$96="*")>0)*($C$96:$V$96<>"")) | AJ108: =IF(COUNTA($C$96:$V$96)>0, AI108/COUNTA($C$96:$V$96), 0) | AK108: =SUMPRODUCT((W108:AF108<>"")*((W108:AF108=$W$96:$AF$96)+($W$96:$AF$96="*")>0)*($W$96:$AF$96<>"")) | AL108: =IF(COUNTA($W$96:$AF$96)>0, AK108/COUNTA($W$96:$AF$96), 0)

Sheet 6º ANO
A1: OBLI 2024.2 (SELETA EDUCAÇÃO) • COOEDUCAR CARLOS CHAGAS — 6º ANO
A2: Q01 a Q20: READING (Compreensão Leitora - 20 pts) | Q21 a Q30: LISTENING (Compreensão Auditiva - 10 pts)
A3: Nº | B3: Nome do Aluno | C3: Q01 | D3: Q02 | E3: Q03 | F3: Q04 | G3: Q05 | H3: Q06 | I3: Q07 | J3: Q08 | K3: Q09 | L3: Q10 | M3: Q11 | N3: Q12 | O3: Q13 | P3: Q14 | Q3: Q15 | R3: Q16 | S3: Q17 | T3: Q18 | U3: Q19 | V3: Q20 | W3: Q21 | X3: Q22 | Y3: Q23 | Z3: Q24 | AA3: Q25 | AB3: Q26 | AC3: Q27 | AD3: Q28 | AE3: Q29 | AF3: Q30 | AG3: Total (30) | AH3: % Geral | AI3: Reading (20) | AJ3: % Reading | AK3: Listening (10) | AL3: % Listening
A4: ★ | B4: [ GABARITO OFICIAL — 6º ANO ] | C4: =IF('Todas as Turmas'!C6="","",'Todas as Turmas'!C6) | D4: =IF('Todas as Turmas'!D6="","",'Todas as Turmas'!D6) | E4: =IF('Todas as Turmas'!E6="","",'Todas as Turmas'!E6) | F4: =IF('Todas as Turmas'!F6="","",'Todas as Turmas'!F6) | G4: =IF('Todas as Turmas'!G6="","",'Todas as Turmas'!G6) | H4: =IF('Todas as Turmas'!H6="","",'Todas as Turmas'!H6) | I4: =IF('Todas as Turmas'!I6="","",'Todas as Turmas'!I6) | J4: =IF('Todas as Turmas'!J6="","",'Todas as Turmas'!J6) | ... AF4: =IF('Todas as Turmas'!AF6="","",'Todas as Turmas'!AF6) | AG4: ='Todas as Turmas'!AG6 | AH4: Gabarito | AI4: ='Todas as Turmas'!AI6 | AJ4: Reading | AK4: ='Todas as Turmas'!AK6 | AL4: Listening
A5: ='Todas as Turmas'!A7 | B5: ='Todas as Turmas'!B7 | C5: =IF('Todas as Turmas'!C7="","",'Todas as Turmas'!C7) | D5: =IF('Todas as Turmas'!D7="","",'Todas as Turmas'!D7) | E5: =IF('Todas as Turmas'!E7="","",'Todas as Turmas'!E7) | F5: =IF('Todas as Turmas'!F7="","",'Todas as Turmas'!F7) | G5: =IF('Todas as Turmas'!G7="","",'Todas as Turmas'!G7) | H5: =IF('Todas as Turmas'!H7="","",'Todas as Turmas'!H7) | I5: =IF('Todas as Turmas'!I7="","",'Todas as Turmas'!I7) | J5: =IF('Todas as Turmas'!J7="","",'Todas as Turmas'!J7) | ... AF5: =IF('Todas as Turmas'!AF7="","",'Todas as Turmas'!AF7) | AG5: ='Todas as Turmas'!AG7 | AH5: ='Todas as Turmas'!AH7 | AI5: ='Todas as Turmas'!AI7 | AJ5: ='Todas as Turmas'!AJ7 | AK5: ='Todas as Turmas'!AK7 | AL5: ='Todas as Turmas'!AL7
A6: ='Todas as Turmas'!A8 | B6: ='Todas as Turmas'!B8 | C6: =IF('Todas as Turmas'!C8="","",'Todas as Turmas'!C8) | D6: =IF('Todas as Turmas'!D8="","",'Todas as Turmas'!D8) | E6: =IF('Todas as Turmas'!E8="","",'Todas as Turmas'!E8) | F6: =IF('Todas as Turmas'!F8="","",'Todas as Turmas'!F8) | G6: =IF('Todas as Turmas'!G8="","",'Todas as Turmas'!G8) | H6: =IF('Todas as Turmas'!H8="","",'Todas as Turmas'!H8) | I6: =IF('Todas as Turmas'!I8="","",'Todas as Turmas'!I8) | J6: =IF('Todas as Turmas'!J8="","",'Todas as Turmas'!J8) | ... AF6: =IF('Todas as Turmas'!AF8="","",'Todas as Turmas'!AF8) | AG6: ='Todas as Turmas'!AG8 | AH6: ='Todas as Turmas'!AH8 | AI6: ='Todas as Turmas'!AI8 | AJ6: ='Todas as Turmas'!AJ8 | AK6: ='Todas as Turmas'!AK8 | AL6: ='Todas as Turmas'!AL8
A7: ='Todas as Turmas'!A9 | B7: ='Todas as Turmas'!B9 | C7: =IF('Todas as Turmas'!C9="","",'Todas as Turmas'!C9) | D7: =IF('Todas as Turmas'!D9="","",'Todas as Turmas'!D9) | E7: =IF('Todas as Turmas'!E9="","",'Todas as Turmas'!E9) | F7: =IF('Todas as Turmas'!F9="","",'Todas as Turmas'!F9) | G7: =IF('Todas as Turmas'!G9="","",'Todas as Turmas'!G9) | H7: =IF('Todas as Turmas'!H9="","",'Todas as Turmas'!H9) | I7: =IF('Todas as Turmas'!I9="","",'Todas as Turmas'!I9) | J7: =IF('Todas as Turmas'!J9="","",'Todas as Turmas'!J9) | ... AF7: =IF('Todas as Turmas'!AF9="","",'Todas as Turmas'!AF9) | AG7: ='Todas as Turmas'!AG9 | AH7: ='Todas as Turmas'!AH9 | AI7: ='Todas as Turmas'!AI9 | AJ7: ='Todas as Turmas'!AJ9 | AK7: ='Todas as Turmas'!AK9 | AL7: ='Todas as Turmas'!AL9
A8: ='Todas as Turmas'!A10 | B8: ='Todas as Turmas'!B10 | C8: =IF('Todas as Turmas'!C10="","",'Todas as Turmas'!C10) | D8: =IF('Todas as Turmas'!D10="","",'Todas as Turmas'!D10) | E8: =IF('Todas as Turmas'!E10="","",'Todas as Turmas'!E10) | F8: =IF('Todas as Turmas'!F10="","",'Todas as Turmas'!F10) | G8: =IF('Todas as Turmas'!G10="","",'Todas as Turmas'!G10) | H8: =IF('Todas as Turmas'!H10="","",'Todas as Turmas'!H10) | I8: =IF('Todas as Turmas'!I10="","",'Todas as Turmas'!I10) | J8: =IF('Todas as Turmas'!J10="","",'Todas as Turmas'!J10) | ... AF8: =IF('Todas as Turmas'!AF10="","",'Todas as Turmas'!AF10) | AG8: ='Todas as Turmas'!AG10 | AH8: ='Todas as Turmas'!AH10 | AI8: ='Todas as Turmas'!AI10 | AJ8: ='Todas as Turmas'!AJ10 | AK8: ='Todas as Turmas'!AK10 | AL8: ='Todas as Turmas'!AL10
A9: ='Todas as Turmas'!A11 | B9: ='Todas as Turmas'!B11 | C9: =IF('Todas as Turmas'!C11="","",'Todas as Turmas'!C11) | D9: =IF('Todas as Turmas'!D11="","",'Todas as Turmas'!D11) | E9: =IF('Todas as Turmas'!E11="","",'Todas as Turmas'!E11) | F9: =IF('Todas as Turmas'!F11="","",'Todas as Turmas'!F11) | G9: =IF('Todas as Turmas'!G11="","",'Todas as Turmas'!G11) | H9: =IF('Todas as Turmas'!H11="","",'Todas as Turmas'!H11) | I9: =IF('Todas as Turmas'!I11="","",'Todas as Turmas'!I11) | J9: =IF('Todas as Turmas'!J11="","",'Todas as Turmas'!J11) | ... AF9: =IF('Todas as Turmas'!AF11="","",'Todas as Turmas'!AF11) | AG9: ='Todas as Turmas'!AG11 | AH9: ='Todas as Turmas'!AH11 | AI9: ='Todas as Turmas'!AI11 | AJ9: ='Todas as Turmas'!AJ11 | AK9: ='Todas as Turmas'!AK11 | AL9: ='Todas as Turmas'!AL11
A10: ='Todas as Turmas'!A12 | B10: ='Todas as Turmas'!B12 | C10: =IF('Todas as Turmas'!C12="","",'Todas as Turmas'!C12) | D10: =IF('Todas as Turmas'!D12="","",'Todas as Turmas'!D12) | E10: =IF('Todas as Turmas'!E12="","",'Todas as Turmas'!E12) | F10: =IF('Todas as Turmas'!F12="","",'Todas as Turmas'!F12) | G10: =IF('Todas as Turmas'!G12="","",'Todas as Turmas'!G12) | H10: =IF('Todas as Turmas'!H12="","",'Todas as Turmas'!H12) | I10: =IF('Todas as Turmas'!I12="","",'Todas as Turmas'!I12) | J10: =IF('Todas as Turmas'!J12="","",'Todas as Turmas'!J12) | ... AF10: =IF('Todas as Turmas'!AF12="","",'Todas as Turmas'!AF12) | AG10: ='Todas as Turmas'!AG12 | AH10: ='Todas as Turmas'!AH12 | AI10: ='Todas as Turmas'!AI12 | AJ10: ='Todas as Turmas'!AJ12 | AK10: ='Todas as Turmas'!AK12 | AL10: ='Todas as Turmas'!AL12
A11: ='Todas as Turmas'!A13 | B11: ='Todas as Turmas'!B13 | C11: =IF('Todas as Turmas'!C13="","",'Todas as Turmas'!C13) | D11: =IF('Todas as Turmas'!D13="","",'Todas as Turmas'!D13) | E11: =IF('Todas as Turmas'!E13="","",'Todas as Turmas'!E13) | F11: =IF('Todas as Turmas'!F13="","",'Todas as Turmas'!F13) | G11: =IF('Todas as Turmas'!G13="","",'Todas as Turmas'!G13) | H11: =IF('Todas as Turmas'!H13="","",'Todas as Turmas'!H13) | I11: =IF('Todas as Turmas'!I13="","",'Todas as Turmas'!I13) | J11: =IF('Todas as Turmas'!J13="","",'Todas as Turmas'!J13) | ... AF11: =IF('Todas as Turmas'!AF13="","",'Todas as Turmas'!AF13) | AG11: ='Todas as Turmas'!AG13 | AH11: ='Todas as Turmas'!AH13 | AI11: ='Todas as Turmas'!AI13 | AJ11: ='Todas as Turmas'!AJ13 | AK11: ='Todas as Turmas'!AK13 | AL11: ='Todas as Turmas'!AL13
A12: ='Todas as Turmas'!A14 | B12: ='Todas as Turmas'!B14 | C12: =IF('Todas as Turmas'!C14="","",'Todas as Turmas'!C14) | D12: =IF('Todas as Turmas'!D14="","",'Todas as Turmas'!D14) | E12: =IF('Todas as Turmas'!E14="","",'Todas as Turmas'!E14) | F12: =IF('Todas as Turmas'!F14="","",'Todas as Turmas'!F14) | G12: =IF('Todas as Turmas'!G14="","",'Todas as Turmas'!G14) | H12: =IF('Todas as Turmas'!H14="","",'Todas as Turmas'!H14) | I12: =IF('Todas as Turmas'!I14="","",'Todas as Turmas'!I14) | J12: =IF('Todas as Turmas'!J14="","",'Todas as Turmas'!J14) | ... AF12: =IF('Todas as Turmas'!AF14="","",'Todas as Turmas'!AF14) | AG12: ='Todas as Turmas'!AG14 | AH12: ='Todas as Turmas'!AH14 | AI12: ='Todas as Turmas'!AI14 | AJ12: ='Todas as Turmas'!AJ14 | AK12: ='Todas as Turmas'!AK14 | AL12: ='Todas as Turmas'!AL14
A13: ='Todas as Turmas'!A15 | B13: ='Todas as Turmas'!B15 | C13: =IF('Todas as Turmas'!C15="","",'Todas as Turmas'!C15) | D13: =IF('Todas as Turmas'!D15="","",'Todas as Turmas'!D15) | E13: =IF('Todas as Turmas'!E15="","",'Todas as Turmas'!E15) | F13: =IF('Todas as Turmas'!F15="","",'Todas as Turmas'!F15) | G13: =IF('Todas as Turmas'!G15="","",'Todas as Turmas'!G15) | H13: =IF('Todas as Turmas'!H15="","",'Todas as Turmas'!H15) | I13: =IF('Todas as Turmas'!I15="","",'Todas as Turmas'!I15) | J13: =IF('Todas as Turmas'!J15="","",'Todas as Turmas'!J15) | ... AF13: =IF('Todas as Turmas'!AF15="","",'Todas as Turmas'!AF15) | AG13: ='Todas as Turmas'!AG15 | AH13: ='Todas as Turmas'!AH15 | AI13: ='Todas as Turmas'!AI15 | AJ13: ='Todas as Turmas'!AJ15 | AK13: ='Todas as Turmas'!AK15 | AL13: ='Todas as Turmas'!AL15
A14: ='Todas as Turmas'!A16 | B14: ='Todas as Turmas'!B16 | C14: =IF('Todas as Turmas'!C16="","",'Todas as Turmas'!C16) | D14: =IF('Todas as Turmas'!D16="","",'Todas as Turmas'!D16) | E14: =IF('Todas as Turmas'!E16="","",'Todas as Turmas'!E16) | F14: =IF('Todas as Turmas'!F16="","",'Todas as Turmas'!F16) | G14: =IF('Todas as Turmas'!G16="","",'Todas as Turmas'!G16) | H14: =IF('Todas as Turmas'!H16="","",'Todas as Turmas'!H16) | I14: =IF('Todas as Turmas'!I16="","",'Todas as Turmas'!I16) | J14: =IF('Todas as Turmas'!J16="","",'Todas as Turmas'!J16) | ... AF14: =IF('Todas as Turmas'!AF16="","",'Todas as Turmas'!AF16) | AG14: ='Todas as Turmas'!AG16 | AH14: ='Todas as Turmas'!AH16 | AI14: ='Todas as Turmas'!AI16 | AJ14: ='Todas as Turmas'!AJ16 | AK14: ='Todas as Turmas'!AK16 | AL14: ='Todas as Turmas'!AL16
A15: ='Todas as Turmas'!A17 | B15: ='Todas as Turmas'!B17 | C15: =IF('Todas as Turmas'!C17="","",'Todas as Turmas'!C17) | D15: =IF('Todas as Turmas'!D17="","",'Todas as Turmas'!D17) | E15: =IF('Todas as Turmas'!E17="","",'Todas as Turmas'!E17) | F15: =IF('Todas as Turmas'!F17="","",'Todas as Turmas'!F17) | G15: =IF('Todas as Turmas'!G17="","",'Todas as Turmas'!G17) | H15: =IF('Todas as Turmas'!H17="","",'Todas as Turmas'!H17) | I15: =IF('Todas as Turmas'!I17="","",'Todas as Turmas'!I17) | J15: =IF('Todas as Turmas'!J17="","",'Todas as Turmas'!J17) | ... AF15: =IF('Todas as Turmas'!AF17="","",'Todas as Turmas'!AF17) | AG15: ='Todas as Turmas'!AG17 | AH15: ='Todas as Turmas'!AH17 | AI15: ='Todas as Turmas'!AI17 | AJ15: ='Todas as Turmas'!AJ17 | AK15: ='Todas as Turmas'!AK17 | AL15: ='Todas as Turmas'!AL17
A16: ='Todas as Turmas'!A18 | B16: ='Todas as Turmas'!B18 | C16: =IF('Todas as Turmas'!C18="","",'Todas as Turmas'!C18) | D16: =IF('Todas as Turmas'!D18="","",'Todas as Turmas'!D18) | E16: =IF('Todas as Turmas'!E18="","",'Todas as Turmas'!E18) | F16: =IF('Todas as Turmas'!F18="","",'Todas as Turmas'!F18) | G16: =IF('Todas as Turmas'!G18="","",'Todas as Turmas'!G18) | H16: =IF('Todas as Turmas'!H18="","",'Todas as Turmas'!H18) | I16: =IF('Todas as Turmas'!I18="","",'Todas as Turmas'!I18) | J16: =IF('Todas as Turmas'!J18="","",'Todas as Turmas'!J18) | ... AF16: =IF('Todas as Turmas'!AF18="","",'Todas as Turmas'!AF18) | AG16: ='Todas as Turmas'!AG18 | AH16: ='Todas as Turmas'!AH18 | AI16: ='Todas as Turmas'!AI18 | AJ16: ='Todas as Turmas'!AJ18 | AK16: ='Todas as Turmas'!AK18 | AL16: ='Todas as Turmas'!AL18

Sheet 7º ANO
A1: OBLI 2024.2 (SELETA EDUCAÇÃO) • COOEDUCAR CARLOS CHAGAS — 7º ANO
A2: Q01 a Q20: READING (Compreensão Leitora - 20 pts) | Q21 a Q30: LISTENING (Compreensão Auditiva - 10 pts)
A3: Nº | B3: Nome do Aluno | C3: Q01 | D3: Q02 | E3: Q03 | F3: Q04 | G3: Q05 | H3: Q06 | I3: Q07 | J3: Q08 | K3: Q09 | L3: Q10 | M3: Q11 | N3: Q12 | O3: Q13 | P3: Q14 | Q3: Q15 | R3: Q16 | S3: Q17 | T3: Q18 | U3: Q19 | V3: Q20 | W3: Q21 | X3: Q22 | Y3: Q23 | Z3: Q24 | AA3: Q25 | AB3: Q26 | AC3: Q27 | AD3: Q28 | AE3: Q29 | AF3: Q30 | AG3: Total (30) | AH3: % Geral | AI3: Reading (20) | AJ3: % Reading | AK3: Listening (10) | AL3: % Listening
A4: ★ | B4: [ GABARITO OFICIAL — 7º ANO ] | C4: =IF('Todas as Turmas'!C22="","",'Todas as Turmas'!C22) | D4: =IF('Todas as Turmas'!D22="","",'Todas as Turmas'!D22) | E4: =IF('Todas as Turmas'!E22="","",'Todas as Turmas'!E22) | F4: =IF('Todas as Turmas'!F22="","",'Todas as Turmas'!F22) | G4: =IF('Todas as Turmas'!G22="","",'Todas as Turmas'!G22) | H4: =IF('Todas as Turmas'!H22="","",'Todas as Turmas'!H22) | I4: =IF('Todas as Turmas'!I22="","",'Todas as Turmas'!I22) | J4: =IF('Todas as Turmas'!J22="","",'Todas as Turmas'!J22) | ... AF4: =IF('Todas as Turmas'!AF22="","",'Todas as Turmas'!AF22) | AG4: ='Todas as Turmas'!AG22 | AH4: Gabarito | AI4: ='Todas as Turmas'!AI22 | AJ4: Reading | AK4: ='Todas as Turmas'!AK22 | AL4: Listening
A5: ='Todas as Turmas'!A23 | B5: ='Todas as Turmas'!B23 | C5: =IF('Todas as Turmas'!C23="","",'Todas as Turmas'!C23) | D5: =IF('Todas as Turmas'!D23="","",'Todas as Turmas'!D23) | E5: =IF('Todas as Turmas'!E23="","",'Todas as Turmas'!E23) | F5: =IF('Todas as Turmas'!F23="","",'Todas as Turmas'!F23) | G5: =IF('Todas as Turmas'!G23="","",'Todas as Turmas'!G23) | H5: =IF('Todas as Turmas'!H23="","",'Todas as Turmas'!H23) | I5: =IF('Todas as Turmas'!I23="","",'Todas as Turmas'!I23) | J5: =IF('Todas as Turmas'!J23="","",'Todas as Turmas'!J23) | ... AF5: =IF('Todas as Turmas'!AF23="","",'Todas as Turmas'!AF23) | AG5: ='Todas as Turmas'!AG23 | AH5: ='Todas as Turmas'!AH23 | AI5: ='Todas as Turmas'!AI23 | AJ5: ='Todas as Turmas'!AJ23 | AK5: ='Todas as Turmas'!AK23 | AL5: ='Todas as Turmas'!AL23
A6: ='Todas as Turmas'!A24 | B6: ='Todas as Turmas'!B24 | C6: =IF('Todas as Turmas'!C24="","",'Todas as Turmas'!C24) | D6: =IF('Todas as Turmas'!D24="","",'Todas as Turmas'!D24) | E6: =IF('Todas as Turmas'!E24="","",'Todas as Turmas'!E24) | F6: =IF('Todas as Turmas'!F24="","",'Todas as Turmas'!F24) | G6: =IF('Todas as Turmas'!G24="","",'Todas as Turmas'!G24) | H6: =IF('Todas as Turmas'!H24="","",'Todas as Turmas'!H24) | I6: =IF('Todas as Turmas'!I24="","",'Todas as Turmas'!I24) | J6: =IF('Todas as Turmas'!J24="","",'Todas as Turmas'!J24) | ... AF6: =IF('Todas as Turmas'!AF24="","",'Todas as Turmas'!AF24) | AG6: ='Todas as Turmas'!AG24 | AH6: ='Todas as Turmas'!AH24 | AI6: ='Todas as Turmas'!AI24 | AJ6: ='Todas as Turmas'!AJ24 | AK6: ='Todas as Turmas'!AK24 | AL6: ='Todas as Turmas'!AL24
A7: ='Todas as Turmas'!A25 | B7: ='Todas as Turmas'!B25 | C7: =IF('Todas as Turmas'!C25="","",'Todas as Turmas'!C25) | D7: =IF('Todas as Turmas'!D25="","",'Todas as Turmas'!D25) | E7: =IF('Todas as Turmas'!E25="","",'Todas as Turmas'!E25) | F7: =IF('Todas as Turmas'!F25="","",'Todas as Turmas'!F25) | G7: =IF('Todas as Turmas'!G25="","",'Todas as Turmas'!G25) | H7: =IF('Todas as Turmas'!H25="","",'Todas as Turmas'!H25) | I7: =IF('Todas as Turmas'!I25="","",'Todas as Turmas'!I25) | J7: =IF('Todas as Turmas'!J25="","",'Todas as Turmas'!J25) | ... AF7: =IF('Todas as Turmas'!AF25="","",'Todas as Turmas'!AF25) | AG7: ='Todas as Turmas'!AG25 | AH7: ='Todas as Turmas'!AH25 | AI7: ='Todas as Turmas'!AI25 | AJ7: ='Todas as Turmas'!AJ25 | AK7: ='Todas as Turmas'!AK25 | AL7: ='Todas as Turmas'!AL25
A8: ='Todas as Turmas'!A26 | B8: ='Todas as Turmas'!B26 | C8: =IF('Todas as Turmas'!C26="","",'Todas as Turmas'!C26) | D8: =IF('Todas as Turmas'!D26="","",'Todas as Turmas'!D26) | E8: =IF('Todas as Turmas'!E26="","",'Todas as Turmas'!E26) | F8: =IF('Todas as Turmas'!F26="","",'Todas as Turmas'!F26) | G8: =IF('Todas as Turmas'!G26="","",'Todas as Turmas'!G26) | H8: =IF('Todas as Turmas'!H26="","",'Todas as Turmas'!H26) | I8: =IF('Todas as Turmas'!I26="","",'Todas as Turmas'!I26) | J8: =IF('Todas as Turmas'!J26="","",'Todas as Turmas'!J26) | ... AF8: =IF('Todas as Turmas'!AF26="","",'Todas as Turmas'!AF26) | AG8: ='Todas as Turmas'!AG26 | AH8: ='Todas as Turmas'!AH26 | AI8: ='Todas as Turmas'!AI26 | AJ8: ='Todas as Turmas'!AJ26 | AK8: ='Todas as Turmas'!AK26 | AL8: ='Todas as Turmas'!AL26
A9: ='Todas as Turmas'!A27 | B9: ='Todas as Turmas'!B27 | C9: =IF('Todas as Turmas'!C27="","",'Todas as Turmas'!C27) | D9: =IF('Todas as Turmas'!D27="","",'Todas as Turmas'!D27) | E9: =IF('Todas as Turmas'!E27="","",'Todas as Turmas'!E27) | F9: =IF('Todas as Turmas'!F27="","",'Todas as Turmas'!F27) | G9: =IF('Todas as Turmas'!G27="","",'Todas as Turmas'!G27) | H9: =IF('Todas as Turmas'!H27="","",'Todas as Turmas'!H27) | I9: =IF('Todas as Turmas'!I27="","",'Todas as Turmas'!I27) | J9: =IF('Todas as Turmas'!J27="","",'Todas as Turmas'!J27) | ... AF9: =IF('Todas as Turmas'!AF27="","",'Todas as Turmas'!AF27) | AG9: ='Todas as Turmas'!AG27 | AH9: ='Todas as Turmas'!AH27 | AI9: ='Todas as Turmas'!AI27 | AJ9: ='Todas as Turmas'!AJ27 | AK9: ='Todas as Turmas'!AK27 | AL9: ='Todas as Turmas'!AL27
A10: ='Todas as Turmas'!A28 | B10: ='Todas as Turmas'!B28 | C10: =IF('Todas as Turmas'!C28="","",'Todas as Turmas'!C28) | D10: =IF('Todas as Turmas'!D28="","",'Todas as Turmas'!D28) | E10: =IF('Todas as Turmas'!E28="","",'Todas as Turmas'!E28) | F10: =IF('Todas as Turmas'!F28="","",'Todas as Turmas'!F28) | G10: =IF('Todas as Turmas'!G28="","",'Todas as Turmas'!G28) | H10: =IF('Todas as Turmas'!H28="","",'Todas as Turmas'!H28) | I10: =IF('Todas as Turmas'!I28="","",'Todas as Turmas'!I28) | J10: =IF('Todas as Turmas'!J28="","",'Todas as Turmas'!J28) | ... AF10: =IF('Todas as Turmas'!AF28="","",'Todas as Turmas'!AF28) | AG10: ='Todas as Turmas'!AG28 | AH10: ='Todas as Turmas'!AH28 | AI10: ='Todas as Turmas'!AI28 | AJ10: ='Todas as Turmas'!AJ28 | AK10: ='Todas as Turmas'!AK28 | AL10: ='Todas as Turmas'!AL28
A11: ='Todas as Turmas'!A29 | B11: ='Todas as Turmas'!B29 | C11: =IF('Todas as Turmas'!C29="","",'Todas as Turmas'!C29) | D11: =IF('Todas as Turmas'!D29="","",'Todas as Turmas'!D29) | E11: =IF('Todas as Turmas'!E29="","",'Todas as Turmas'!E29) | F11: =IF('Todas as Turmas'!F29="","",'Todas as Turmas'!F29) | G11: =IF('Todas as Turmas'!G29="","",'Todas as Turmas'!G29) | H11: =IF('Todas as Turmas'!H29="","",'Todas as Turmas'!H29) | I11: =IF('Todas as Turmas'!I29="","",'Todas as Turmas'!I29) | J11: =IF('Todas as Turmas'!J29="","",'Todas as Turmas'!J29) | ... AF11: =IF('Todas as Turmas'!AF29="","",'Todas as Turmas'!AF29) | AG11: ='Todas as Turmas'!AG29 | AH11: ='Todas as Turmas'!AH29 | AI11: ='Todas as Turmas'!AI29 | AJ11: ='Todas as Turmas'!AJ29 | AK11: ='Todas as Turmas'!AK29 | AL11: ='Todas as Turmas'!AL29
A12: ='Todas as Turmas'!A30 | B12: ='Todas as Turmas'!B30 | C12: =IF('Todas as Turmas'!C30="","",'Todas as Turmas'!C30) | D12: =IF('Todas as Turmas'!D30="","",'Todas as Turmas'!D30) | E12: =IF('Todas as Turmas'!E30="","",'Todas as Turmas'!E30) | F12: =IF('Todas as Turmas'!F30="","",'Todas as Turmas'!F30) | G12: =IF('Todas as Turmas'!G30="","",'Todas as Turmas'!G30) | H12: =IF('Todas as Turmas'!H30="","",'Todas as Turmas'!H30) | I12: =IF('Todas as Turmas'!I30="","",'Todas as Turmas'!I30) | J12: =IF('Todas as Turmas'!J30="","",'Todas as Turmas'!J30) | ... AF12: =IF('Todas as Turmas'!AF30="","",'Todas as Turmas'!AF30) | AG12: ='Todas as Turmas'!AG30 | AH12: ='Todas as Turmas'!AH30 | AI12: ='Todas as Turmas'!AI30 | AJ12: ='Todas as Turmas'!AJ30 | AK12: ='Todas as Turmas'!AK30 | AL12: ='Todas as Turmas'!AL30
A13: ='Todas as Turmas'!A31 | B13: ='Todas as Turmas'!B31 | C13: =IF('Todas as Turmas'!C31="","",'Todas as Turmas'!C31) | D13: =IF('Todas as Turmas'!D31="","",'Todas as Turmas'!D31) | E13: =IF('Todas as Turmas'!E31="","",'Todas as Turmas'!E31) | F13: =IF('Todas as Turmas'!F31="","",'Todas as Turmas'!F31) | G13: =IF('Todas as Turmas'!G31="","",'Todas as Turmas'!G31) | H13: =IF('Todas as Turmas'!H31="","",'Todas as Turmas'!H31) | I13: =IF('Todas as Turmas'!I31="","",'Todas as Turmas'!I31) | J13: =IF('Todas as Turmas'!J31="","",'Todas as Turmas'!J31) | ... AF13: =IF('Todas as Turmas'!AF31="","",'Todas as Turmas'!AF31) | AG13: ='Todas as Turmas'!AG31 | AH13: ='Todas as Turmas'!AH31 | AI13: ='Todas as Turmas'!AI31 | AJ13: ='Todas as Turmas'!AJ31 | AK13: ='Todas as Turmas'!AK31 | AL13: ='Todas as Turmas'!AL31
A14: ='Todas as Turmas'!A32 | B14: ='Todas as Turmas'!B32 | C14: =IF('Todas as Turmas'!C32="","",'Todas as Turmas'!C32) | D14: =IF('Todas as Turmas'!D32="","",'Todas as Turmas'!D32) | E14: =IF('Todas as Turmas'!E32="","",'Todas as Turmas'!E32) | F14: =IF('Todas as Turmas'!F32="","",'Todas as Turmas'!F32) | G14: =IF('Todas as Turmas'!G32="","",'Todas as Turmas'!G32) | H14: =IF('Todas as Turmas'!H32="","",'Todas as Turmas'!H32) | I14: =IF('Todas as Turmas'!I32="","",'Todas as Turmas'!I32) | J14: =IF('Todas as Turmas'!J32="","",'Todas as Turmas'!J32) | ... AF14: =IF('Todas as Turmas'!AF32="","",'Todas as Turmas'!AF32) | AG14: ='Todas as Turmas'!AG32 | AH14: ='Todas as Turmas'!AH32 | AI14: ='Todas as Turmas'!AI32 | AJ14: ='Todas as Turmas'!AJ32 | AK14: ='Todas as Turmas'!AK32 | AL14: ='Todas as Turmas'!AL32
A15: ='Todas as Turmas'!A33 | B15: ='Todas as Turmas'!B33 | C15: =IF('Todas as Turmas'!C33="","",'Todas as Turmas'!C33) | D15: =IF('Todas as Turmas'!D33="","",'Todas as Turmas'!D33) | E15: =IF('Todas as Turmas'!E33="","",'Todas as Turmas'!E33) | F15: =IF('Todas as Turmas'!F33="","",'Todas as Turmas'!F33) | G15: =IF('Todas as Turmas'!G33="","",'Todas as Turmas'!G33) | H15: =IF('Todas as Turmas'!H33="","",'Todas as Turmas'!H33) | I15: =IF('Todas as Turmas'!I33="","",'Todas as Turmas'!I33) | J15: =IF('Todas as Turmas'!J33="","",'Todas as Turmas'!J33) | ... AF15: =IF('Todas as Turmas'!AF33="","",'Todas as Turmas'!AF33) | AG15: ='Todas as Turmas'!AG33 | AH15: ='Todas as Turmas'!AH33 | AI15: ='Todas as Turmas'!AI33 | AJ15: ='Todas as Turmas'!AJ33 | AK15: ='Todas as Turmas'!AK33 | AL15: ='Todas as Turmas'!AL33
A16: ='Todas as Turmas'!A34 | B16: ='Todas as Turmas'!B34 | C16: =IF('Todas as Turmas'!C34="","",'Todas as Turmas'!C34) | D16: =IF('Todas as Turmas'!D34="","",'Todas as Turmas'!D34) | E16: =IF('Todas as Turmas'!E34="","",'Todas as Turmas'!E34) | F16: =IF('Todas as Turmas'!F34="","",'Todas as Turmas'!F34) | G16: =IF('Todas as Turmas'!G34="","",'Todas as Turmas'!G34) | H16: =IF('Todas as Turmas'!H34="","",'Todas as Turmas'!H34) | I16: =IF('Todas as Turmas'!I34="","",'Todas as Turmas'!I34) | J16: =IF('Todas as Turmas'!J34="","",'Todas as Turmas'!J34) | ... AF16: =IF('Todas as Turmas'!AF34="","",'Todas as Turmas'!AF34) | AG16: ='Todas as Turmas'!AG34 | AH16: ='Todas as Turmas'!AH34 | AI16: ='Todas as Turmas'!AI34 | AJ16: ='Todas as Turmas'!AJ34 | AK16: ='Todas as Turmas'!AK34 | AL16: ='Todas as Turmas'!AL34
... A24: ='Todas as Turmas'!A42 | B24: ='Todas as Turmas'!B42 | C24: =IF('Todas as Turmas'!C42="","",'Todas as Turmas'!C42) | D24: =IF('Todas as Turmas'!D42="","",'Todas as Turmas'!D42) | E24: =IF('Todas as Turmas'!E42="","",'Todas as Turmas'!E42) | F24: =IF('Todas as Turmas'!F42="","",'Todas as Turmas'!F42) | G24: =IF('Todas as Turmas'!G42="","",'Todas as Turmas'!G42) | H24: =IF('Todas as Turmas'!H42="","",'Todas as Turmas'!H42) | I24: =IF('Todas as Turmas'!I42="","",'Todas as Turmas'!I42) | J24: =IF('Todas as Turmas'!J42="","",'Todas as Turmas'!J42) | ... AF24: =IF('Todas as Turmas'!AF42="","",'Todas as Turmas'!AF42) | AG24: ='Todas as Turmas'!AG42 | AH24: ='Todas as Turmas'!AH42 | AI24: ='Todas as Turmas'!AI42 | AJ24: ='Todas as Turmas'!AJ42 | AK24: ='Todas as Turmas'!AK42 | AL24: ='Todas as Turmas'!AL42

Sheet 8º ANO
A1: OBLI 2024.2 (SELETA EDUCAÇÃO) • COOEDUCAR CARLOS CHAGAS — 8º ANO
A2: Q01 a Q20: READING (Compreensão Leitora - 20 pts) | Q21 a Q30: LISTENING (Compreensão Auditiva - 10 pts)
A3: Nº | B3: Nome do Aluno | C3: Q01 | D3: Q02 | E3: Q03 | F3: Q04 | G3: Q05 | H3: Q06 | I3: Q07 | J3: Q08 | K3: Q09 | L3: Q10 | M3: Q11 | N3: Q12 | O3: Q13 | P3: Q14 | Q3: Q15 | R3: Q16 | S3: Q17 | T3: Q18 | U3: Q19 | V3: Q20 | W3: Q21 | X3: Q22 | Y3: Q23 | Z3: Q24 | AA3: Q25 | AB3: Q26 | AC3: Q27 | AD3: Q28 | AE3: Q29 | AF3: Q30 | AG3: Total (30) | AH3: % Geral | AI3: Reading (20) | AJ3: % Reading | AK3: Listening (10) | AL3: % Listening
A4: ★ | B4: [ GABARITO OFICIAL — 8º ANO ] | C4: =IF('Todas as Turmas'!C46="","",'Todas as Turmas'!C46) | D4: =IF('Todas as Turmas'!D46="","",'Todas as Turmas'!D46) | E4: =IF('Todas as Turmas'!E46="","",'Todas as Turmas'!E46) | F4: =IF('Todas as Turmas'!F46="","",'Todas as Turmas'!F46) | G4: =IF('Todas as Turmas'!G46="","",'Todas as Turmas'!G46) | H4: =IF('Todas as Turmas'!H46="","",'Todas as Turmas'!H46) | I4: =IF('Todas as Turmas'!I46="","",'Todas as Turmas'!I46) | J4: =IF('Todas as Turmas'!J46="","",'Todas as Turmas'!J46) | ... AF4: =IF('Todas as Turmas'!AF46="","",'Todas as Turmas'!AF46) | AG4: ='Todas as Turmas'!AG46 | AH4: Gabarito | AI4: ='Todas as Turmas'!AI46 | AJ4: Reading | AK4: ='Todas as Turmas'!AK46 | AL4: Listening
A5: ='Todas as Turmas'!A47 | B5: ='Todas as Turmas'!B47 | C5: =IF('Todas as Turmas'!C47="","",'Todas as Turmas'!C47) | D5: =IF('Todas as Turmas'!D47="","",'Todas as Turmas'!D47) | E5: =IF('Todas as Turmas'!E47="","",'Todas as Turmas'!E47) | F5: =IF('Todas as Turmas'!F47="","",'Todas as Turmas'!F47) | G5: =IF('Todas as Turmas'!G47="","",'Todas as Turmas'!G47) | H5: =IF('Todas as Turmas'!H47="","",'Todas as Turmas'!H47) | I5: =IF('Todas as Turmas'!I47="","",'Todas as Turmas'!I47) | J5: =IF('Todas as Turmas'!J47="","",'Todas as Turmas'!J47) | ... AF5: =IF('Todas as Turmas'!AF47="","",'Todas as Turmas'!AF47) | AG5: ='Todas as Turmas'!AG47 | AH5: ='Todas as Turmas'!AH47 | AI5: ='Todas as Turmas'!AI47 | AJ5: ='Todas as Turmas'!AJ47 | AK5: ='Todas as Turmas'!AK47 | AL5: ='Todas as Turmas'!AL47
A6: ='Todas as Turmas'!A48 | B6: ='Todas as Turmas'!B48 | C6: =IF('Todas as Turmas'!C48="","",'Todas as Turmas'!C48) | D6: =IF('Todas as Turmas'!D48="","",'Todas as Turmas'!D48) | E6: =IF('Todas as Turmas'!E48="","",'Todas as Turmas'!E48) | F6: =IF('Todas as Turmas'!F48="","",'Todas as Turmas'!F48) | G6: =IF('Todas as Turmas'!G48="","",'Todas as Turmas'!G48) | H6: =IF('Todas as Turmas'!H48="","",'Todas as Turmas'!H48) | I6: =IF('Todas as Turmas'!I48="","",'Todas as Turmas'!I48) | J6: =IF('Todas as Turmas'!J48="","",'Todas as Turmas'!J48) | ... AF6: =IF('Todas as Turmas'!AF48="","",'Todas as Turmas'!AF48) | AG6: ='Todas as Turmas'!AG48 | AH6: ='Todas as Turmas'!AH48 | AI6: ='Todas as Turmas'!AI48 | AJ6: ='Todas as Turmas'!AJ48 | AK6: ='Todas as Turmas'!AK48 | AL6: ='Todas as Turmas'!AL48
A7: ='Todas as Turmas'!A49 | B7: ='Todas as Turmas'!B49 | C7: =IF('Todas as Turmas'!C49="","",'Todas as Turmas'!C49) | D7: =IF('Todas as Turmas'!D49="","",'Todas as Turmas'!D49) | E7: =IF('Todas as Turmas'!E49="","",'Todas as Turmas'!E49) | F7: =IF('Todas as Turmas'!F49="","",'Todas as Turmas'!F49) | G7: =IF('Todas as Turmas'!G49="","",'Todas as Turmas'!G49) | H7: =IF('Todas as Turmas'!H49="","",'Todas as Turmas'!H49) | I7: =IF('Todas as Turmas'!I49="","",'Todas as Turmas'!I49) | J7: =IF('Todas as Turmas'!J49="","",'Todas as Turmas'!J49) | ... AF7: =IF('Todas as Turmas'!AF49="","",'Todas as Turmas'!AF49) | AG7: ='Todas as Turmas'!AG49 | AH7: ='Todas as Turmas'!AH49 | AI7: ='Todas as Turmas'!AI49 | AJ7: ='Todas as Turmas'!AJ49 | AK7: ='Todas as Turmas'!AK49 | AL7: ='Todas as Turmas'!AL49
A8: ='Todas as Turmas'!A50 | B8: ='Todas as Turmas'!B50 | C8: =IF('Todas as Turmas'!C50="","",'Todas as Turmas'!C50) | D8: =IF('Todas as Turmas'!D50="","",'Todas as Turmas'!D50) | E8: =IF('Todas as Turmas'!E50="","",'Todas as Turmas'!E50) | F8: =IF('Todas as Turmas'!F50="","",'Todas as Turmas'!F50) | G8: =IF('Todas as Turmas'!G50="","",'Todas as Turmas'!G50) | H8: =IF('Todas as Turmas'!H50="","",'Todas as Turmas'!H50) | I8: =IF('Todas as Turmas'!I50="","",'Todas as Turmas'!I50) | J8: =IF('Todas as Turmas'!J50="","",'Todas as Turmas'!J50) | ... AF8: =IF('Todas as Turmas'!AF50="","",'Todas as Turmas'!AF50) | AG8: ='Todas as Turmas'!AG50 | AH8: ='Todas as Turmas'!AH50 | AI8: ='Todas as Turmas'!AI50 | AJ8: ='Todas as Turmas'!AJ50 | AK8: ='Todas as Turmas'!AK50 | AL8: ='Todas as Turmas'!AL50
A9: ='Todas as Turmas'!A51 | B9: ='Todas as Turmas'!B51 | C9: =IF('Todas as Turmas'!C51="","",'Todas as Turmas'!C51) | D9: =IF('Todas as Turmas'!D51="","",'Todas as Turmas'!D51) | E9: =IF('Todas as Turmas'!E51="","",'Todas as Turmas'!E51) | F9: =IF('Todas as Turmas'!F51="","",'Todas as Turmas'!F51) | G9: =IF('Todas as Turmas'!G51="","",'Todas as Turmas'!G51) | H9: =IF('Todas as Turmas'!H51="","",'Todas as Turmas'!H51) | I9: =IF('Todas as Turmas'!I51="","",'Todas as Turmas'!I51) | J9: =IF('Todas as Turmas'!J51="","",'Todas as Turmas'!J51) | ... AF9: =IF('Todas as Turmas'!AF51="","",'Todas as Turmas'!AF51) | AG9: ='Todas as Turmas'!AG51 | AH9: ='Todas as Turmas'!AH51 | AI9: ='Todas as Turmas'!AI51 | AJ9: ='Todas as Turmas'!AJ51 | AK9: ='Todas as Turmas'!AK51 | AL9: ='Todas as Turmas'!AL51
A10: ='Todas as Turmas'!A52 | B10: ='Todas as Turmas'!B52 | C10: =IF('Todas as Turmas'!C52="","",'Todas as Turmas'!C52) | D10: =IF('Todas as Turmas'!D52="","",'Todas as Turmas'!D52) | E10: =IF('Todas as Turmas'!E52="","",'Todas as Turmas'!E52) | F10: =IF('Todas as Turmas'!F52="","",'Todas as Turmas'!F52) | G10: =IF('Todas as Turmas'!G52="","",'Todas as Turmas'!G52) | H10: =IF('Todas as Turmas'!H52="","",'Todas as Turmas'!H52) | I10: =IF('Todas as Turmas'!I52="","",'Todas as Turmas'!I52) | J10: =IF('Todas as Turmas'!J52="","",'Todas as Turmas'!J52) | ... AF10: =IF('Todas as Turmas'!AF52="","",'Todas as Turmas'!AF52) | AG10: ='Todas as Turmas'!AG52 | AH10: ='Todas as Turmas'!AH52 | AI10: ='Todas as Turmas'!AI52 | AJ10: ='Todas as Turmas'!AJ52 | AK10: ='Todas as Turmas'!AK52 | AL10: ='Todas as Turmas'!AL52
A11: ='Todas as Turmas'!A53 | B11: ='Todas as Turmas'!B53 | C11: =IF('Todas as Turmas'!C53="","",'Todas as Turmas'!C53) | D11: =IF('Todas as Turmas'!D53="","",'Todas as Turmas'!D53) | E11: =IF('Todas as Turmas'!E53="","",'Todas as Turmas'!E53) | F11: =IF('Todas as Turmas'!F53="","",'Todas as Turmas'!F53) | G11: =IF('Todas as Turmas'!G53="","",'Todas as Turmas'!G53) | H11: =IF('Todas as Turmas'!H53="","",'Todas as Turmas'!H53) | I11: =IF('Todas as Turmas'!I53="","",'Todas as Turmas'!I53) | J11: =IF('Todas as Turmas'!J53="","",'Todas as Turmas'!J53) | ... AF11: =IF('Todas as Turmas'!AF53="","",'Todas as Turmas'!AF53) | AG11: ='Todas as Turmas'!AG53 | AH11: ='Todas as Turmas'!AH53 | AI11: ='Todas as Turmas'!AI53 | AJ11: ='Todas as Turmas'!AJ53 | AK11: ='Todas as Turmas'!AK53 | AL11: ='Todas as Turmas'!AL53

Sheet 9º ANO
A1: OBLI 2024.2 (SELETA EDUCAÇÃO) • COOEDUCAR CARLOS CHAGAS — 9º ANO
A2: Q01 a Q20: READING (Compreensão Leitora - 20 pts) | Q21 a Q30: LISTENING (Compreensão Auditiva - 10 pts)
A3: Nº | B3: Nome do Aluno | C3: Q01 | D3: Q02 | E3: Q03 | F3: Q04 | G3: Q05 | H3: Q06 | I3: Q07 | J3: Q08 | K3: Q09 | L3: Q10 | M3: Q11 | N3: Q12 | O3: Q13 | P3: Q14 | Q3: Q15 | R3: Q16 | S3: Q17 | T3: Q18 | U3: Q19 | V3: Q20 | W3: Q21 | X3: Q22 | Y3: Q23 | Z3: Q24 | AA3: Q25 | AB3: Q26 | AC3: Q27 | AD3: Q28 | AE3: Q29 | AF3: Q30 | AG3: Total (30) | AH3: % Geral | AI3: Reading (20) | AJ3: % Reading | AK3: Listening (10) | AL3: % Listening
A4: ★ | B4: [ GABARITO OFICIAL — 9º ANO ] | C4: =IF('Todas as Turmas'!C57="","",'Todas as Turmas'!C57) | D4: =IF('Todas as Turmas'!D57="","",'Todas as Turmas'!D57) | E4: =IF('Todas as Turmas'!E57="","",'Todas as Turmas'!E57) | F4: =IF('Todas as Turmas'!F57="","",'Todas as Turmas'!F57) | G4: =IF('Todas as Turmas'!G57="","",'Todas as Turmas'!G57) | H4: =IF('Todas as Turmas'!H57="","",'Todas as Turmas'!H57) | I4: =IF('Todas as Turmas'!I57="","",'Todas as Turmas'!I57) | J4: =IF('Todas as Turmas'!J57="","",'Todas as Turmas'!J57) | ... AF4: =IF('Todas as Turmas'!AF57="","",'Todas as Turmas'!AF57) | AG4: ='Todas as Turmas'!AG57 | AH4: Gabarito | AI4: ='Todas as Turmas'!AI57 | AJ4: Reading | AK4: ='Todas as Turmas'!AK57 | AL4: Listening
A5: ='Todas as Turmas'!A58 | B5: ='Todas as Turmas'!B58 | C5: =IF('Todas as Turmas'!C58="","",'Todas as Turmas'!C58) | D5: =IF('Todas as Turmas'!D58="","",'Todas as Turmas'!D58) | E5: =IF('Todas as Turmas'!E58="","",'Todas as Turmas'!E58) | F5: =IF('Todas as Turmas'!F58="","",'Todas as Turmas'!F58) | G5: =IF('Todas as Turmas'!G58="","",'Todas as Turmas'!G58) | H5: =IF('Todas as Turmas'!H58="","",'Todas as Turmas'!H58) | I5: =IF('Todas as Turmas'!I58="","",'Todas as Turmas'!I58) | J5: =IF('Todas as Turmas'!J58="","",'Todas as Turmas'!J58) | ... AF5: =IF('Todas as Turmas'!AF58="","",'Todas as Turmas'!AF58) | AG5: ='Todas as Turmas'!AG58 | AH5: ='Todas as Turmas'!AH58 | AI5: ='Todas as Turmas'!AI58 | AJ5: ='Todas as Turmas'!AJ58 | AK5: ='Todas as Turmas'!AK58 | AL5: ='Todas as Turmas'!AL58
A6: ='Todas as Turmas'!A59 | B6: ='Todas as Turmas'!B59 | C6: =IF('Todas as Turmas'!C59="","",'Todas as Turmas'!C59) | D6: =IF('Todas as Turmas'!D59="","",'Todas as Turmas'!D59) | E6: =IF('Todas as Turmas'!E59="","",'Todas as Turmas'!E59) | F6: =IF('Todas as Turmas'!F59="","",'Todas as Turmas'!F59) | G6: =IF('Todas as Turmas'!G59="","",'Todas as Turmas'!G59) | H6: =IF('Todas as Turmas'!H59="","",'Todas as Turmas'!H59) | I6: =IF('Todas as Turmas'!I59="","",'Todas as Turmas'!I59) | J6: =IF('Todas as Turmas'!J59="","",'Todas as Turmas'!J59) | ... AF6: =IF('Todas as Turmas'!AF59="","",'Todas as Turmas'!AF59) | AG6: ='Todas as Turmas'!AG59 | AH6: ='Todas as Turmas'!AH59 | AI6: ='Todas as Turmas'!AI59 | AJ6: ='Todas as Turmas'!AJ59 | AK6: ='Todas as Turmas'!AK59 | AL6: ='Todas as Turmas'!AL59
A7: ='Todas as Turmas'!A60 | B7: ='Todas as Turmas'!B60 | C7: =IF('Todas as Turmas'!C60="","",'Todas as Turmas'!C60) | D7: =IF('Todas as Turmas'!D60="","",'Todas as Turmas'!D60) | E7: =IF('Todas as Turmas'!E60="","",'Todas as Turmas'!E60) | F7: =IF('Todas as Turmas'!F60="","",'Todas as Turmas'!F60) | G7: =IF('Todas as Turmas'!G60="","",'Todas as Turmas'!G60) | H7: =IF('Todas as Turmas'!H60="","",'Todas as Turmas'!H60) | I7: =IF('Todas as Turmas'!I60="","",'Todas as Turmas'!I60) | J7: =IF('Todas as Turmas'!J60="","",'Todas as Turmas'!J60) | ... AF7: =IF('Todas as Turmas'!AF60="","",'Todas as Turmas'!AF60) | AG7: ='Todas as Turmas'!AG60 | AH7: ='Todas as Turmas'!AH60 | AI7: ='Todas as Turmas'!AI60 | AJ7: ='Todas as Turmas'!AJ60 | AK7: ='Todas as Turmas'!AK60 | AL7: ='Todas as Turmas'!AL60
A8: ='Todas as Turmas'!A61 | B8: ='Todas as Turmas'!B61 | C8: =IF('Todas as Turmas'!C61="","",'Todas as Turmas'!C61) | D8: =IF('Todas as Turmas'!D61="","",'Todas as Turmas'!D61) | E8: =IF('Todas as Turmas'!E61="","",'Todas as Turmas'!E61) | F8: =IF('Todas as Turmas'!F61="","",'Todas as Turmas'!F61) | G8: =IF('Todas as Turmas'!G61="","",'Todas as Turmas'!G61) | H8: =IF('Todas as Turmas'!H61="","",'Todas as Turmas'!H61) | I8: =IF('Todas as Turmas'!I61="","",'Todas as Turmas'!I61) | J8: =IF('Todas as Turmas'!J61="","",'Todas as Turmas'!J61) | ... AF8: =IF('Todas as Turmas'!AF61="","",'Todas as Turmas'!AF61) | AG8: ='Todas as Turmas'!AG61 | AH8: ='Todas as Turmas'!AH61 | AI8: ='Todas as Turmas'!AI61 | AJ8: ='Todas as Turmas'!AJ61 | AK8: ='Todas as Turmas'!AK61 | AL8: ='Todas as Turmas'!AL61
A9: ='Todas as Turmas'!A62 | B9: ='Todas as Turmas'!B62 | C9: =IF('Todas as Turmas'!C62="","",'Todas as Turmas'!C62) | D9: =IF('Todas as Turmas'!D62="","",'Todas as Turmas'!D62) | E9: =IF('Todas as Turmas'!E62="","",'Todas as Turmas'!E62) | F9: =IF('Todas as Turmas'!F62="","",'Todas as Turmas'!F62) | G9: =IF('Todas as Turmas'!G62="","",'Todas as Turmas'!G62) | H9: =IF('Todas as Turmas'!H62="","",'Todas as Turmas'!H62) | I9: =IF('Todas as Turmas'!I62="","",'Todas as Turmas'!I62) | J9: =IF('Todas as Turmas'!J62="","",'Todas as Turmas'!J62) | ... AF9: =IF('Todas as Turmas'!AF62="","",'Todas as Turmas'!AF62) | AG9: ='Todas as Turmas'!AG62 | AH9: ='Todas as Turmas'!AH62 | AI9: ='Todas as Turmas'!AI62 | AJ9: ='Todas as Turmas'!AJ62 | AK9: ='Todas as Turmas'!AK62 | AL9: ='Todas as Turmas'!AL62
A10: ='Todas as Turmas'!A63 | B10: ='Todas as Turmas'!B63 | C10: =IF('Todas as Turmas'!C63="","",'Todas as Turmas'!C63) | D10: =IF('Todas as Turmas'!D63="","",'Todas as Turmas'!D63) | E10: =IF('Todas as Turmas'!E63="","",'Todas as Turmas'!E63) | F10: =IF('Todas as Turmas'!F63="","",'Todas as Turmas'!F63) | G10: =IF('Todas as Turmas'!G63="","",'Todas as Turmas'!G63) | H10: =IF('Todas as Turmas'!H63="","",'Todas as Turmas'!H63) | I10: =IF('Todas as Turmas'!I63="","",'Todas as Turmas'!I63) | J10: =IF('Todas as Turmas'!J63="","",'Todas as Turmas'!J63) | ... AF10: =IF('Todas as Turmas'!AF63="","",'Todas as Turmas'!AF63) | AG10: ='Todas as Turmas'!AG63 | AH10: ='Todas as Turmas'!AH63 | AI10: ='Todas as Turmas'!AI63 | AJ10: ='Todas as Turmas'!AJ63 | AK10: ='Todas as Turmas'!AK63 | AL10: ='Todas as Turmas'!AL63
A11: ='Todas as Turmas'!A64 | B11: ='Todas as Turmas'!B64 | C11: =IF('Todas as Turmas'!C64="","",'Todas as Turmas'!C64) | D11: =IF('Todas as Turmas'!D64="","",'Todas as Turmas'!D64) | E11: =IF('Todas as Turmas'!E64="","",'Todas as Turmas'!E64) | F11: =IF('Todas as Turmas'!F64="","",'Todas as Turmas'!F64) | G11: =IF('Todas as Turmas'!G64="","",'Todas as Turmas'!G64) | H11: =IF('Todas as Turmas'!H64="","",'Todas as Turmas'!H64) | I11: =IF('Todas as Turmas'!I64="","",'Todas as Turmas'!I64) | J11: =IF('Todas as Turmas'!J64="","",'Todas as Turmas'!J64) | ... AF11: =IF('Todas as Turmas'!AF64="","",'Todas as Turmas'!AF64) | AG11: ='Todas as Turmas'!AG64 | AH11: ='Todas as Turmas'!AH64 | AI11: ='Todas as Turmas'!AI64 | AJ11: ='Todas as Turmas'!AJ64 | AK11: ='Todas as Turmas'!AK64 | AL11: ='Todas as Turmas'!AL64
A12: ='Todas as Turmas'!A65 | B12: ='Todas as Turmas'!B65 | C12: =IF('Todas as Turmas'!C65="","",'Todas as Turmas'!C65) | D12: =IF('Todas as Turmas'!D65="","",'Todas as Turmas'!D65) | E12: =IF('Todas as Turmas'!E65="","",'Todas as Turmas'!E65) | F12: =IF('Todas as Turmas'!F65="","",'Todas as Turmas'!F65) | G12: =IF('Todas as Turmas'!G65="","",'Todas as Turmas'!G65) | H12: =IF('Todas as Turmas'!H65="","",'Todas as Turmas'!H65) | I12: =IF('Todas as Turmas'!I65="","",'Todas as Turmas'!I65) | J12: =IF('Todas as Turmas'!J65="","",'Todas as Turmas'!J65) | ... AF12: =IF('Todas as Turmas'!AF65="","",'Todas as Turmas'!AF65) | AG12: ='Todas as Turmas'!AG65 | AH12: ='Todas as Turmas'!AH65 | AI12: ='Todas as Turmas'!AI65 | AJ12: ='Todas as Turmas'!AJ65 | AK12: ='Todas as Turmas'!AK65 | AL12: ='Todas as Turmas'!AL65
A13: ='Todas as Turmas'!A66 | B13: ='Todas as Turmas'!B66 | C13: =IF('Todas as Turmas'!C66="","",'Todas as Turmas'!C66) | D13: =IF('Todas as Turmas'!D66="","",'Todas as Turmas'!D66) | E13: =IF('Todas as Turmas'!E66="","",'Todas as Turmas'!E66) | F13: =IF('Todas as Turmas'!F66="","",'Todas as Turmas'!F66) | G13: =IF('Todas as Turmas'!G66="","",'Todas as Turmas'!G66) | H13: =IF('Todas as Turmas'!H66="","",'Todas as Turmas'!H66) | I13: =IF('Todas as Turmas'!I66="","",'Todas as Turmas'!I66) | J13: =IF('Todas as Turmas'!J66="","",'Todas as Turmas'!J66) | ... AF13: =IF('Todas as Turmas'!AF66="","",'Todas as Turmas'!AF66) | AG13: ='Todas as Turmas'!AG66 | AH13: ='Todas as Turmas'!AH66 | AI13: ='Todas as Turmas'!AI66 | AJ13: ='Todas as Turmas'!AJ66 | AK13: ='Todas as Turmas'!AK66 | AL13: ='Todas as Turmas'!AL66

Sheet 1ª SÉRIE
A1: OBLI 2024.2 (SELETA EDUCAÇÃO) • COOEDUCAR CARLOS CHAGAS — 1ª SÉRIE
A2: Q01 a Q20: READING (Compreensão Leitora - 20 pts) | Q21 a Q30: LISTENING (Compreensão Auditiva - 10 pts)
A3: Nº | B3: Nome do Aluno | C3: Q01 | D3: Q02 | E3: Q03 | F3: Q04 | G3: Q05 | H3: Q06 | I3: Q07 | J3: Q08 | K3: Q09 | L3: Q10 | M3: Q11 | N3: Q12 | O3: Q13 | P3: Q14 | Q3: Q15 | R3: Q16 | S3: Q17 | T3: Q18 | U3: Q19 | V3: Q20 | W3: Q21 | X3: Q22 | Y3: Q23 | Z3: Q24 | AA3: Q25 | AB3: Q26 | AC3: Q27 | AD3: Q28 | AE3: Q29 | AF3: Q30 | AG3: Total (30) | AH3: % Geral | AI3: Reading (20) | AJ3: % Reading | AK3: Listening (10) | AL3: % Listening
A4: ★ | B4: [ GABARITO OFICIAL — 1ª SÉRIE ] | C4: =IF('Todas as Turmas'!C70="","",'Todas as Turmas'!C70) | D4: =IF('Todas as Turmas'!D70="","",'Todas as Turmas'!D70) | E4: =IF('Todas as Turmas'!E70="","",'Todas as Turmas'!E70) | F4: =IF('Todas as Turmas'!F70="","",'Todas as Turmas'!F70) | G4: =IF('Todas as Turmas'!G70="","",'Todas as Turmas'!G70) | H4: =IF('Todas as Turmas'!H70="","",'Todas as Turmas'!H70) | I4: =IF('Todas as Turmas'!I70="","",'Todas as Turmas'!I70) | J4: =IF('Todas as Turmas'!J70="","",'Todas as Turmas'!J70) | ... AF4: =IF('Todas as Turmas'!AF70="","",'Todas as Turmas'!AF70) | AG4: ='Todas as Turmas'!AG70 | AH4: Gabarito | AI4: ='Todas as Turmas'!AI70 | AJ4: Reading | AK4: ='Todas as Turmas'!AK70 | AL4: Listening
A5: ='Todas as Turmas'!A71 | B5: ='Todas as Turmas'!B71 | C5: =IF('Todas as Turmas'!C71="","",'Todas as Turmas'!C71) | D5: =IF('Todas as Turmas'!D71="","",'Todas as Turmas'!D71) | E5: =IF('Todas as Turmas'!E71="","",'Todas as Turmas'!E71) | F5: =IF('Todas as Turmas'!F71="","",'Todas as Turmas'!F71) | G5: =IF('Todas as Turmas'!G71="","",'Todas as Turmas'!G71) | H5: =IF('Todas as Turmas'!H71="","",'Todas as Turmas'!H71) | I5: =IF('Todas as Turmas'!I71="","",'Todas as Turmas'!I71) | J5: =IF('Todas as Turmas'!J71="","",'Todas as Turmas'!J71) | ... AF5: =IF('Todas as Turmas'!AF71="","",'Todas as Turmas'!AF71) | AG5: ='Todas as Turmas'!AG71 | AH5: ='Todas as Turmas'!AH71 | AI5: ='Todas as Turmas'!AI71 | AJ5: ='Todas as Turmas'!AJ71 | AK5: ='Todas as Turmas'!AK71 | AL5: ='Todas as Turmas'!AL71
A6: ='Todas as Turmas'!A72 | B6: ='Todas as Turmas'!B72 | C6: =IF('Todas as Turmas'!C72="","",'Todas as Turmas'!C72) | D6: =IF('Todas as Turmas'!D72="","",'Todas as Turmas'!D72) | E6: =IF('Todas as Turmas'!E72="","",'Todas as Turmas'!E72) | F6: =IF('Todas as Turmas'!F72="","",'Todas as Turmas'!F72) | G6: =IF('Todas as Turmas'!G72="","",'Todas as Turmas'!G72) | H6: =IF('Todas as Turmas'!H72="","",'Todas as Turmas'!H72) | I6: =IF('Todas as Turmas'!I72="","",'Todas as Turmas'!I72) | J6: =IF('Todas as Turmas'!J72="","",'Todas as Turmas'!J72) | ... AF6: =IF('Todas as Turmas'!AF72="","",'Todas as Turmas'!AF72) | AG6: ='Todas as Turmas'!AG72 | AH6: ='Todas as Turmas'!AH72 | AI6: ='Todas as Turmas'!AI72 | AJ6: ='Todas as Turmas'!AJ72 | AK6: ='Todas as Turmas'!AK72 | AL6: ='Todas as Turmas'!AL72
A7: ='Todas as Turmas'!A73 | B7: ='Todas as Turmas'!B73 | C7: =IF('Todas as Turmas'!C73="","",'Todas as Turmas'!C73) | D7: =IF('Todas as Turmas'!D73="","",'Todas as Turmas'!D73) | E7: =IF('Todas as Turmas'!E73="","",'Todas as Turmas'!E73) | F7: =IF('Todas as Turmas'!F73="","",'Todas as Turmas'!F73) | G7: =IF('Todas as Turmas'!G73="","",'Todas as Turmas'!G73) | H7: =IF('Todas as Turmas'!H73="","",'Todas as Turmas'!H73) | I7: =IF('Todas as Turmas'!I73="","",'Todas as Turmas'!I73) | J7: =IF('Todas as Turmas'!J73="","",'Todas as Turmas'!J73) | ... AF7: =IF('Todas as Turmas'!AF73="","",'Todas as Turmas'!AF73) | AG7: ='Todas as Turmas'!AG73 | AH7: ='Todas as Turmas'!AH73 | AI7: ='Todas as Turmas'!AI73 | AJ7: ='Todas as Turmas'!AJ73 | AK7: ='Todas as Turmas'!AK73 | AL7: ='Todas as Turmas'!AL73
A8: ='Todas as Turmas'!A74 | B8: ='Todas as Turmas'!B74 | C8: =IF('Todas as Turmas'!C74="","",'Todas as Turmas'!C74) | D8: =IF('Todas as Turmas'!D74="","",'Todas as Turmas'!D74) | E8: =IF('Todas as Turmas'!E74="","",'Todas as Turmas'!E74) | F8: =IF('Todas as Turmas'!F74="","",'Todas as Turmas'!F74) | G8: =IF('Todas as Turmas'!G74="","",'Todas as Turmas'!G74) | H8: =IF('Todas as Turmas'!H74="","",'Todas as Turmas'!H74) | I8: =IF('Todas as Turmas'!I74="","",'Todas as Turmas'!I74) | J8: =IF('Todas as Turmas'!J74="","",'Todas as Turmas'!J74) | ... AF8: =IF('Todas as Turmas'!AF74="","",'Todas as Turmas'!AF74) | AG8: ='Todas as Turmas'!AG74 | AH8: ='Todas as Turmas'!AH74 | AI8: ='Todas as Turmas'!AI74 | AJ8: ='Todas as Turmas'!AJ74 | AK8: ='Todas as Turmas'!AK74 | AL8: ='Todas as Turmas'!AL74
A9: ='Todas as Turmas'!A75 | B9: ='Todas as Turmas'!B75 | C9: =IF('Todas as Turmas'!C75="","",'Todas as Turmas'!C75) | D9: =IF('Todas as Turmas'!D75="","",'Todas as Turmas'!D75) | E9: =IF('Todas as Turmas'!E75="","",'Todas as Turmas'!E75) | F9: =IF('Todas as Turmas'!F75="","",'Todas as Turmas'!F75) | G9: =IF('Todas as Turmas'!G75="","",'Todas as Turmas'!G75) | H9: =IF('Todas as Turmas'!H75="","",'Todas as Turmas'!H75) | I9: =IF('Todas as Turmas'!I75="","",'Todas as Turmas'!I75) | J9: =IF('Todas as Turmas'!J75="","",'Todas as Turmas'!J75) | ... AF9: =IF('Todas as Turmas'!AF75="","",'Todas as Turmas'!AF75) | AG9: ='Todas as Turmas'!AG75 | AH9: ='Todas as Turmas'!AH75 | AI9: ='Todas as Turmas'!AI75 | AJ9: ='Todas as Turmas'!AJ75 | AK9: ='Todas as Turmas'!AK75 | AL9: ='Todas as Turmas'!AL75
A10: ='Todas as Turmas'!A76 | B10: ='Todas as Turmas'!B76 | C10: =IF('Todas as Turmas'!C76="","",'Todas as Turmas'!C76) | D10: =IF('Todas as Turmas'!D76="","",'Todas as Turmas'!D76) | E10: =IF('Todas as Turmas'!E76="","",'Todas as Turmas'!E76) | F10: =IF('Todas as Turmas'!F76="","",'Todas as Turmas'!F76) | G10: =IF('Todas as Turmas'!G76="","",'Todas as Turmas'!G76) | H10: =IF('Todas as Turmas'!H76="","",'Todas as Turmas'!H76) | I10: =IF('Todas as Turmas'!I76="","",'Todas as Turmas'!I76) | J10: =IF('Todas as Turmas'!J76="","",'Todas as Turmas'!J76) | ... AF10: =IF('Todas as Turmas'!AF76="","",'Todas as Turmas'!AF76) | AG10: ='Todas as Turmas'!AG76 | AH10: ='Todas as Turmas'!AH76 | AI10: ='Todas as Turmas'!AI76 | AJ10: ='Todas as Turmas'!AJ76 | AK10: ='Todas as Turmas'!AK76 | AL10: ='Todas as Turmas'!AL76
A11: ='Todas as Turmas'!A77 | B11: ='Todas as Turmas'!B77 | C11: =IF('Todas as Turmas'!C77="","",'Todas as Turmas'!C77) | D11: =IF('Todas as Turmas'!D77="","",'Todas as Turmas'!D77) | E11: =IF('Todas as Turmas'!E77="","",'Todas as Turmas'!E77) | F11: =IF('Todas as Turmas'!F77="","",'Todas as Turmas'!F77) | G11: =IF('Todas as Turmas'!G77="","",'Todas as Turmas'!G77) | H11: =IF('Todas as Turmas'!H77="","",'Todas as Turmas'!H77) | I11: =IF('Todas as Turmas'!I77="","",'Todas as Turmas'!I77) | J11: =IF('Todas as Turmas'!J77="","",'Todas as Turmas'!J77) | ... AF11: =IF('Todas as Turmas'!AF77="","",'Todas as Turmas'!AF77) | AG11: ='Todas as Turmas'!AG77 | AH11: ='Todas as Turmas'!AH77 | AI11: ='Todas as Turmas'!AI77 | AJ11: ='Todas as Turmas'!AJ77 | AK11: ='Todas as Turmas'!AK77 | AL11: ='Todas as Turmas'!AL77
A12: ='Todas as Turmas'!A78 | B12: ='Todas as Turmas'!B78 | C12: =IF('Todas as Turmas'!C78="","",'Todas as Turmas'!C78) | D12: =IF('Todas as Turmas'!D78="","",'Todas as Turmas'!D78) | E12: =IF('Todas as Turmas'!E78="","",'Todas as Turmas'!E78) | F12: =IF('Todas as Turmas'!F78="","",'Todas as Turmas'!F78) | G12: =IF('Todas as Turmas'!G78="","",'Todas as Turmas'!G78) | H12: =IF('Todas as Turmas'!H78="","",'Todas as Turmas'!H78) | I12: =IF('Todas as Turmas'!I78="","",'Todas as Turmas'!I78) | J12: =IF('Todas as Turmas'!J78="","",'Todas as Turmas'!J78) | ... AF12: =IF('Todas as Turmas'!AF78="","",'Todas as Turmas'!AF78) | AG12: ='Todas as Turmas'!AG78 | AH12: ='Todas as Turmas'!AH78 | AI12: ='Todas as Turmas'!AI78 | AJ12: ='Todas as Turmas'!AJ78 | AK12: ='Todas as Turmas'!AK78 | AL12: ='Todas as Turmas'!AL78

Sheet 2ª SÉRIE
A1: OBLI 2024.2 (SELETA EDUCAÇÃO) • COOEDUCAR CARLOS CHAGAS — 2ª SÉRIE
A2: Q01 a Q20: READING (Compreensão Leitora - 20 pts) | Q21 a Q30: LISTENING (Compreensão Auditiva - 10 pts)
A3: Nº | B3: Nome do Aluno | C3: Q01 | D3: Q02 | E3: Q03 | F3: Q04 | G3: Q05 | H3: Q06 | I3: Q07 | J3: Q08 | K3: Q09 | L3: Q10 | M3: Q11 | N3: Q12 | O3: Q13 | P3: Q14 | Q3: Q15 | R3: Q16 | S3: Q17 | T3: Q18 | U3: Q19 | V3: Q20 | W3: Q21 | X3: Q22 | Y3: Q23 | Z3: Q24 | AA3: Q25 | AB3: Q26 | AC3: Q27 | AD3: Q28 | AE3: Q29 | AF3: Q30 | AG3: Total (30) | AH3: % Geral | AI3: Reading (20) | AJ3: % Reading | AK3: Listening (10) | AL3: % Listening
A4: ★ | B4: [ GABARITO OFICIAL — 2ª SÉRIE ] | C4: =IF('Todas as Turmas'!C82="","",'Todas as Turmas'!C82) | D4: =IF('Todas as Turmas'!D82="","",'Todas as Turmas'!D82) | E4: =IF('Todas as Turmas'!E82="","",'Todas as Turmas'!E82) | F4: =IF('Todas as Turmas'!F82="","",'Todas as Turmas'!F82) | G4: =IF('Todas as Turmas'!G82="","",'Todas as Turmas'!G82) | H4: =IF('Todas as Turmas'!H82="","",'Todas as Turmas'!H82) | I4: =IF('Todas as Turmas'!I82="","",'Todas as Turmas'!I82) | J4: =IF('Todas as Turmas'!J82="","",'Todas as Turmas'!J82) | ... AF4: =IF('Todas as Turmas'!AF82="","",'Todas as Turmas'!AF82) | AG4: ='Todas as Turmas'!AG82 | AH4: Gabarito | AI4: ='Todas as Turmas'!AI82 | AJ4: Reading | AK4: ='Todas as Turmas'!AK82 | AL4: Listening
A5: ='Todas as Turmas'!A83 | B5: ='Todas as Turmas'!B83 | C5: =IF('Todas as Turmas'!C83="","",'Todas as Turmas'!C83) | D5: =IF('Todas as Turmas'!D83="","",'Todas as Turmas'!D83) | E5: =IF('Todas as Turmas'!E83="","",'Todas as Turmas'!E83) | F5: =IF('Todas as Turmas'!F83="","",'Todas as Turmas'!F83) | G5: =IF('Todas as Turmas'!G83="","",'Todas as Turmas'!G83) | H5: =IF('Todas as Turmas'!H83="","",'Todas as Turmas'!H83) | I5: =IF('Todas as Turmas'!I83="","",'Todas as Turmas'!I83) | J5: =IF('Todas as Turmas'!J83="","",'Todas as Turmas'!J83) | ... AF5: =IF('Todas as Turmas'!AF83="","",'Todas as Turmas'!AF83) | AG5: ='Todas as Turmas'!AG83 | AH5: ='Todas as Turmas'!AH83 | AI5: ='Todas as Turmas'!AI83 | AJ5: ='Todas as Turmas'!AJ83 | AK5: ='Todas as Turmas'!AK83 | AL5: ='Todas as Turmas'!AL83
A6: ='Todas as Turmas'!A84 | B6: ='Todas as Turmas'!B84 | C6: =IF('Todas as Turmas'!C84="","",'Todas as Turmas'!C84) | D6: =IF('Todas as Turmas'!D84="","",'Todas as Turmas'!D84) | E6: =IF('Todas as Turmas'!E84="","",'Todas as Turmas'!E84) | F6: =IF('Todas as Turmas'!F84="","",'Todas as Turmas'!F84) | G6: =IF('Todas as Turmas'!G84="","",'Todas as Turmas'!G84) | H6: =IF('Todas as Turmas'!H84="","",'Todas as Turmas'!H84) | I6: =IF('Todas as Turmas'!I84="","",'Todas as Turmas'!I84) | J6: =IF('Todas as Turmas'!J84="","",'Todas as Turmas'!J84) | ... AF6: =IF('Todas as Turmas'!AF84="","",'Todas as Turmas'!AF84) | AG6: ='Todas as Turmas'!AG84 | AH6: ='Todas as Turmas'!AH84 | AI6: ='Todas as Turmas'!AI84 | AJ6: ='Todas as Turmas'!AJ84 | AK6: ='Todas as Turmas'!AK84 | AL6: ='Todas as Turmas'!AL84
A7: ='Todas as Turmas'!A85 | B7: ='Todas as Turmas'!B85 | C7: =IF('Todas as Turmas'!C85="","",'Todas as Turmas'!C85) | D7: =IF('Todas as Turmas'!D85="","",'Todas as Turmas'!D85) | E7: =IF('Todas as Turmas'!E85="","",'Todas as Turmas'!E85) | F7: =IF('Todas as Turmas'!F85="","",'Todas as Turmas'!F85) | G7: =IF('Todas as Turmas'!G85="","",'Todas as Turmas'!G85) | H7: =IF('Todas as Turmas'!H85="","",'Todas as Turmas'!H85) | I7: =IF('Todas as Turmas'!I85="","",'Todas as Turmas'!I85) | J7: =IF('Todas as Turmas'!J85="","",'Todas as Turmas'!J85) | ... AF7: =IF('Todas as Turmas'!AF85="","",'Todas as Turmas'!AF85) | AG7: ='Todas as Turmas'!AG85 | AH7: ='Todas as Turmas'!AH85 | AI7: ='Todas as Turmas'!AI85 | AJ7: ='Todas as Turmas'!AJ85 | AK7: ='Todas as Turmas'!AK85 | AL7: ='Todas as Turmas'!AL85
A8: ='Todas as Turmas'!A86 | B8: ='Todas as Turmas'!B86 | C8: =IF('Todas as Turmas'!C86="","",'Todas as Turmas'!C86) | D8: =IF('Todas as Turmas'!D86="","",'Todas as Turmas'!D86) | E8: =IF('Todas as Turmas'!E86="","",'Todas as Turmas'!E86) | F8: =IF('Todas as Turmas'!F86="","",'Todas as Turmas'!F86) | G8: =IF('Todas as Turmas'!G86="","",'Todas as Turmas'!G86) | H8: =IF('Todas as Turmas'!H86="","",'Todas as Turmas'!H86) | I8: =IF('Todas as Turmas'!I86="","",'Todas as Turmas'!I86) | J8: =IF('Todas as Turmas'!J86="","",'Todas as Turmas'!J86) | ... AF8: =IF('Todas as Turmas'!AF86="","",'Todas as Turmas'!AF86) | AG8: ='Todas as Turmas'!AG86 | AH8: ='Todas as Turmas'!AH86 | AI8: ='Todas as Turmas'!AI86 | AJ8: ='Todas as Turmas'!AJ86 | AK8: ='Todas as Turmas'!AK86 | AL8: ='Todas as Turmas'!AL86
A9: ='Todas as Turmas'!A87 | B9: ='Todas as Turmas'!B87 | C9: =IF('Todas as Turmas'!C87="","",'Todas as Turmas'!C87) | D9: =IF('Todas as Turmas'!D87="","",'Todas as Turmas'!D87) | E9: =IF('Todas as Turmas'!E87="","",'Todas as Turmas'!E87) | F9: =IF('Todas as Turmas'!F87="","",'Todas as Turmas'!F87) | G9: =IF('Todas as Turmas'!G87="","",'Todas as Turmas'!G87) | H9: =IF('Todas as Turmas'!H87="","",'Todas as Turmas'!H87) | I9: =IF('Todas as Turmas'!I87="","",'Todas as Turmas'!I87) | J9: =IF('Todas as Turmas'!J87="","",'Todas as Turmas'!J87) | ... AF9: =IF('Todas as Turmas'!AF87="","",'Todas as Turmas'!AF87) | AG9: ='Todas as Turmas'!AG87 | AH9: ='Todas as Turmas'!AH87 | AI9: ='Todas as Turmas'!AI87 | AJ9: ='Todas as Turmas'!AJ87 | AK9: ='Todas as Turmas'!AK87 | AL9: ='Todas as Turmas'!AL87
A10: ='Todas as Turmas'!A88 | B10: ='Todas as Turmas'!B88 | C10: =IF('Todas as Turmas'!C88="","",'Todas as Turmas'!C88) | D10: =IF('Todas as Turmas'!D88="","",'Todas as Turmas'!D88) | E10: =IF('Todas as Turmas'!E88="","",'Todas as Turmas'!E88) | F10: =IF('Todas as Turmas'!F88="","",'Todas as Turmas'!F88) | G10: =IF('Todas as Turmas'!G88="","",'Todas as Turmas'!G88) | H10: =IF('Todas as Turmas'!H88="","",'Todas as Turmas'!H88) | I10: =IF('Todas as Turmas'!I88="","",'Todas as Turmas'!I88) | J10: =IF('Todas as Turmas'!J88="","",'Todas as Turmas'!J88) | ... AF10: =IF('Todas as Turmas'!AF88="","",'Todas as Turmas'!AF88) | AG10: ='Todas as Turmas'!AG88 | AH10: ='Todas as Turmas'!AH88 | AI10: ='Todas as Turmas'!AI88 | AJ10: ='Todas as Turmas'!AJ88 | AK10: ='Todas as Turmas'!AK88 | AL10: ='Todas as Turmas'!AL88
A11: ='Todas as Turmas'!A89 | B11: ='Todas as Turmas'!B89 | C11: =IF('Todas as Turmas'!C89="","",'Todas as Turmas'!C89) | D11: =IF('Todas as Turmas'!D89="","",'Todas as Turmas'!D89) | E11: =IF('Todas as Turmas'!E89="","",'Todas as Turmas'!E89) | F11: =IF('Todas as Turmas'!F89="","",'Todas as Turmas'!F89) | G11: =IF('Todas as Turmas'!G89="","",'Todas as Turmas'!G89) | H11: =IF('Todas as Turmas'!H89="","",'Todas as Turmas'!H89) | I11: =IF('Todas as Turmas'!I89="","",'Todas as Turmas'!I89) | J11: =IF('Todas as Turmas'!J89="","",'Todas as Turmas'!J89) | ... AF11: =IF('Todas as Turmas'!AF89="","",'Todas as Turmas'!AF89) | AG11: ='Todas as Turmas'!AG89 | AH11: ='Todas as Turmas'!AH89 | AI11: ='Todas as Turmas'!AI89 | AJ11: ='Todas as Turmas'!AJ89 | AK11: ='Todas as Turmas'!AK89 | AL11: ='Todas as Turmas'!AL89
A12: ='Todas as Turmas'!A90 | B12: ='Todas as Turmas'!B90 | C12: =IF('Todas as Turmas'!C90="","",'Todas as Turmas'!C90) | D12: =IF('Todas as Turmas'!D90="","",'Todas as Turmas'!D90) | E12: =IF('Todas as Turmas'!E90="","",'Todas as Turmas'!E90) | F12: =IF('Todas as Turmas'!F90="","",'Todas as Turmas'!F90) | G12: =IF('Todas as Turmas'!G90="","",'Todas as Turmas'!G90) | H12: =IF('Todas as Turmas'!H90="","",'Todas as Turmas'!H90) | I12: =IF('Todas as Turmas'!I90="","",'Todas as Turmas'!I90) | J12: =IF('Todas as Turmas'!J90="","",'Todas as Turmas'!J90) | ... AF12: =IF('Todas as Turmas'!AF90="","",'Todas as Turmas'!AF90) | AG12: ='Todas as Turmas'!AG90 | AH12: ='Todas as Turmas'!AH90 | AI12: ='Todas as Turmas'!AI90 | AJ12: ='Todas as Turmas'!AJ90 | AK12: ='Todas as Turmas'!AK90 | AL12: ='Todas as Turmas'!AL90
A13: ='Todas as Turmas'!A91 | B13: ='Todas as Turmas'!B91 | C13: =IF('Todas as Turmas'!C91="","",'Todas as Turmas'!C91) | D13: =IF('Todas as Turmas'!D91="","",'Todas as Turmas'!D91) | E13: =IF('Todas as Turmas'!E91="","",'Todas as Turmas'!E91) | F13: =IF('Todas as Turmas'!F91="","",'Todas as Turmas'!F91) | G13: =IF('Todas as Turmas'!G91="","",'Todas as Turmas'!G91) | H13: =IF('Todas as Turmas'!H91="","",'Todas as Turmas'!H91) | I13: =IF('Todas as Turmas'!I91="","",'Todas as Turmas'!I91) | J13: =IF('Todas as Turmas'!J91="","",'Todas as Turmas'!J91) | ... AF13: =IF('Todas as Turmas'!AF91="","",'Todas as Turmas'!AF91) | AG13: ='Todas as Turmas'!AG91 | AH13: ='Todas as Turmas'!AH91 | AI13: ='Todas as Turmas'!AI91 | AJ13: ='Todas as Turmas'!AJ91 | AK13: ='Todas as Turmas'!AK91 | AL13: ='Todas as Turmas'!AL91
A14: ='Todas as Turmas'!A92 | B14: ='Todas as Turmas'!B92 | C14: =IF('Todas as Turmas'!C92="","",'Todas as Turmas'!C92) | D14: =IF('Todas as Turmas'!D92="","",'Todas as Turmas'!D92) | E14: =IF('Todas as Turmas'!E92="","",'Todas as Turmas'!E92) | F14: =IF('Todas as Turmas'!F92="","",'Todas as Turmas'!F92) | G14: =IF('Todas as Turmas'!G92="","",'Todas as Turmas'!G92) | H14: =IF('Todas as Turmas'!H92="","",'Todas as Turmas'!H92) | I14: =IF('Todas as Turmas'!I92="","",'Todas as Turmas'!I92) | J14: =IF('Todas as Turmas'!J92="","",'Todas as Turmas'!J92) | ... AF14: =IF('Todas as Turmas'!AF92="","",'Todas as Turmas'!AF92) | AG14: ='Todas as Turmas'!AG92 | AH14: ='Todas as Turmas'!AH92 | AI14: ='Todas as Turmas'!AI92 | AJ14: ='Todas as Turmas'!AJ92 | AK14: ='Todas as Turmas'!AK92 | AL14: ='Todas as Turmas'!AL92

Sheet 3ª SÉRIE
A1: OBLI 2024.2 (SELETA EDUCAÇÃO) • COOEDUCAR CARLOS CHAGAS — 3ª SÉRIE
A2: Q01 a Q20: READING (Compreensão Leitora - 20 pts) | Q21 a Q30: LISTENING (Compreensão Auditiva - 10 pts)
A3: Nº | B3: Nome do Aluno | C3: Q01 | D3: Q02 | E3: Q03 | F3: Q04 | G3: Q05 | H3: Q06 | I3: Q07 | J3: Q08 | K3: Q09 | L3: Q10 | M3: Q11 | N3: Q12 | O3: Q13 | P3: Q14 | Q3: Q15 | R3: Q16 | S3: Q17 | T3: Q18 | U3: Q19 | V3: Q20 | W3: Q21 | X3: Q22 | Y3: Q23 | Z3: Q24 | AA3: Q25 | AB3: Q26 | AC3: Q27 | AD3: Q28 | AE3: Q29 | AF3: Q30 | AG3: Total (30) | AH3: % Geral | AI3: Reading (20) | AJ3: % Reading | AK3: Listening (10) | AL3: % Listening
A4: ★ | B4: [ GABARITO OFICIAL — 3ª SÉRIE ] | C4: =IF('Todas as Turmas'!C96="","",'Todas as Turmas'!C96) | D4: =IF('Todas as Turmas'!D96="","",'Todas as Turmas'!D96) | E4: =IF('Todas as Turmas'!E96="","",'Todas as Turmas'!E96) | F4: =IF('Todas as Turmas'!F96="","",'Todas as Turmas'!F96) | G4: =IF('Todas as Turmas'!G96="","",'Todas as Turmas'!G96) | H4: =IF('Todas as Turmas'!H96="","",'Todas as Turmas'!H96) | I4: =IF('Todas as Turmas'!I96="","",'Todas as Turmas'!I96) | J4: =IF('Todas as Turmas'!J96="","",'Todas as Turmas'!J96) | ... AF4: =IF('Todas as Turmas'!AF96="","",'Todas as Turmas'!AF96) | AG4: ='Todas as Turmas'!AG96 | AH4: Gabarito | AI4: ='Todas as Turmas'!AI96 | AJ4: Reading | AK4: ='Todas as Turmas'!AK96 | AL4: Listening
A5: ='Todas as Turmas'!A97 | B5: ='Todas as Turmas'!B97 | C5: =IF('Todas as Turmas'!C97="","",'Todas as Turmas'!C97) | D5: =IF('Todas as Turmas'!D97="","",'Todas as Turmas'!D97) | E5: =IF('Todas as Turmas'!E97="","",'Todas as Turmas'!E97) | F5: =IF('Todas as Turmas'!F97="","",'Todas as Turmas'!F97) | G5: =IF('Todas as Turmas'!G97="","",'Todas as Turmas'!G97) | H5: =IF('Todas as Turmas'!H97="","",'Todas as Turmas'!H97) | I5: =IF('Todas as Turmas'!I97="","",'Todas as Turmas'!I97) | J5: =IF('Todas as Turmas'!J97="","",'Todas as Turmas'!J97) | ... AF5: =IF('Todas as Turmas'!AF97="","",'Todas as Turmas'!AF97) | AG5: ='Todas as Turmas'!AG97 | AH5: ='Todas as Turmas'!AH97 | AI5: ='Todas as Turmas'!AI97 | AJ5: ='Todas as Turmas'!AJ97 | AK5: ='Todas as Turmas'!AK97 | AL5: ='Todas as Turmas'!AL97
A6: ='Todas as Turmas'!A98 | B6: ='Todas as Turmas'!B98 | C6: =IF('Todas as Turmas'!C98="","",'Todas as Turmas'!C98) | D6: =IF('Todas as Turmas'!D98="","",'Todas as Turmas'!D98) | E6: =IF('Todas as Turmas'!E98="","",'Todas as Turmas'!E98) | F6: =IF('Todas as Turmas'!F98="","",'Todas as Turmas'!F98) | G6: =IF('Todas as Turmas'!G98="","",'Todas as Turmas'!G98) | H6: =IF('Todas as Turmas'!H98="","",'Todas as Turmas'!H98) | I6: =IF('Todas as Turmas'!I98="","",'Todas as Turmas'!I98) | J6: =IF('Todas as Turmas'!J98="","",'Todas as Turmas'!J98) | ... AF6: =IF('Todas as Turmas'!AF98="","",'Todas as Turmas'!AF98) | AG6: ='Todas as Turmas'!AG98 | AH6: ='Todas as Turmas'!AH98 | AI6: ='Todas as Turmas'!AI98 | AJ6: ='Todas as Turmas'!AJ98 | AK6: ='Todas as Turmas'!AK98 | AL6: ='Todas as Turmas'!AL98
A7: ='Todas as Turmas'!A99 | B7: ='Todas as Turmas'!B99 | C7: =IF('Todas as Turmas'!C99="","",'Todas as Turmas'!C99) | D7: =IF('Todas as Turmas'!D99="","",'Todas as Turmas'!D99) | E7: =IF('Todas as Turmas'!E99="","",'Todas as Turmas'!E99) | F7: =IF('Todas as Turmas'!F99="","",'Todas as Turmas'!F99) | G7: =IF('Todas as Turmas'!G99="","",'Todas as Turmas'!G99) | H7: =IF('Todas as Turmas'!H99="","",'Todas as Turmas'!H99) | I7: =IF('Todas as Turmas'!I99="","",'Todas as Turmas'!I99) | J7: =IF('Todas as Turmas'!J99="","",'Todas as Turmas'!J99) | ... AF7: =IF('Todas as Turmas'!AF99="","",'Todas as Turmas'!AF99) | AG7: ='Todas as Turmas'!AG99 | AH7: ='Todas as Turmas'!AH99 | AI7: ='Todas as Turmas'!AI99 | AJ7: ='Todas as Turmas'!AJ99 | AK7: ='Todas as Turmas'!AK99 | AL7: ='Todas as Turmas'!AL99
A8: ='Todas as Turmas'!A100 | B8: ='Todas as Turmas'!B100 | C8: =IF('Todas as Turmas'!C100="","",'Todas as Turmas'!C100) | D8: =IF('Todas as Turmas'!D100="","",'Todas as Turmas'!D100) | E8: =IF('Todas as Turmas'!E100="","",'Todas as Turmas'!E100) | F8: =IF('Todas as Turmas'!F100="","",'Todas as Turmas'!F100) | G8: =IF('Todas as Turmas'!G100="","",'Todas as Turmas'!G100) | H8: =IF('Todas as Turmas'!H100="","",'Todas as Turmas'!H100) | I8: =IF('Todas as Turmas'!I100="","",'Todas as Turmas'!I100) | J8: =IF('Todas as Turmas'!J100="","",'Todas as Turmas'!J100) | ... AF8: =IF('Todas as Turmas'!AF100="","",'Todas as Turmas'!AF100) | AG8: ='Todas as Turmas'!AG100 | AH8: ='Todas as Turmas'!AH100 | AI8: ='Todas as Turmas'!AI100 | AJ8: ='Todas as Turmas'!AJ100 | AK8: ='Todas as Turmas'!AK100 | AL8: ='Todas as Turmas'!AL100
A9: ='Todas as Turmas'!A101 | B9: ='Todas as Turmas'!B101 | C9: =IF('Todas as Turmas'!C101="","",'Todas as Turmas'!C101) | D9: =IF('Todas as Turmas'!D101="","",'Todas as Turmas'!D101) | E9: =IF('Todas as Turmas'!E101="","",'Todas as Turmas'!E101) | F9: =IF('Todas as Turmas'!F101="","",'Todas as Turmas'!F101) | G9: =IF('Todas as Turmas'!G101="","",'Todas as Turmas'!G101) | H9: =IF('Todas as Turmas'!H101="","",'Todas as Turmas'!H101) | I9: =IF('Todas as Turmas'!I101="","",'Todas as Turmas'!I101) | J9: =IF('Todas as Turmas'!J101="","",'Todas as Turmas'!J101) | ... AF9: =IF('Todas as Turmas'!AF101="","",'Todas as Turmas'!AF101) | AG9: ='Todas as Turmas'!AG101 | AH9: ='Todas as Turmas'!AH101 | AI9: ='Todas as Turmas'!AI101 | AJ9: ='Todas as Turmas'!AJ101 | AK9: ='Todas as Turmas'!AK101 | AL9: ='Todas as Turmas'!AL101
A10: ='Todas as Turmas'!A102 | B10: ='Todas as Turmas'!B102 | C10: =IF('Todas as Turmas'!C102="","",'Todas as Turmas'!C102) | D10: =IF('Todas as Turmas'!D102="","",'Todas as Turmas'!D102) | E10: =IF('Todas as Turmas'!E102="","",'Todas as Turmas'!E102) | F10: =IF('Todas as Turmas'!F102="","",'Todas as Turmas'!F102) | G10: =IF('Todas as Turmas'!G102="","",'Todas as Turmas'!G102) | H10: =IF('Todas as Turmas'!H102="","",'Todas as Turmas'!H102) | I10: =IF('Todas as Turmas'!I102="","",'Todas as Turmas'!I102) | J10: =IF('Todas as Turmas'!J102="","",'Todas as Turmas'!J102) | ... AF10: =IF('Todas as Turmas'!AF102="","",'Todas as Turmas'!AF102) | AG10: ='Todas as Turmas'!AG102 | AH10: ='Todas as Turmas'!AH102 | AI10: ='Todas as Turmas'!AI102 | AJ10: ='Todas as Turmas'!AJ102 | AK10: ='Todas as Turmas'!AK102 | AL10: ='Todas as Turmas'!AL102
A11: ='Todas as Turmas'!A103 | B11: ='Todas as Turmas'!B103 | C11: =IF('Todas as Turmas'!C103="","",'Todas as Turmas'!C103) | D11: =IF('Todas as Turmas'!D103="","",'Todas as Turmas'!D103) | E11: =IF('Todas as Turmas'!E103="","",'Todas as Turmas'!E103) | F11: =IF('Todas as Turmas'!F103="","",'Todas as Turmas'!F103) | G11: =IF('Todas as Turmas'!G103="","",'Todas as Turmas'!G103) | H11: =IF('Todas as Turmas'!H103="","",'Todas as Turmas'!H103) | I11: =IF('Todas as Turmas'!I103="","",'Todas as Turmas'!I103) | J11: =IF('Todas as Turmas'!J103="","",'Todas as Turmas'!J103) | ... AF11: =IF('Todas as Turmas'!AF103="","",'Todas as Turmas'!AF103) | AG11: ='Todas as Turmas'!AG103 | AH11: ='Todas as Turmas'!AH103 | AI11: ='Todas as Turmas'!AI103 | AJ11: ='Todas as Turmas'!AJ103 | AK11: ='Todas as Turmas'!AK103 | AL11: ='Todas as Turmas'!AL103
A12: ='Todas as Turmas'!A104 | B12: ='Todas as Turmas'!B104 | C12: =IF('Todas as Turmas'!C104="","",'Todas as Turmas'!C104) | D12: =IF('Todas as Turmas'!D104="","",'Todas as Turmas'!D104) | E12: =IF('Todas as Turmas'!E104="","",'Todas as Turmas'!E104) | F12: =IF('Todas as Turmas'!F104="","",'Todas as Turmas'!F104) | G12: =IF('Todas as Turmas'!G104="","",'Todas as Turmas'!G104) | H12: =IF('Todas as Turmas'!H104="","",'Todas as Turmas'!H104) | I12: =IF('Todas as Turmas'!I104="","",'Todas as Turmas'!I104) | J12: =IF('Todas as Turmas'!J104="","",'Todas as Turmas'!J104) | ... AF12: =IF('Todas as Turmas'!AF104="","",'Todas as Turmas'!AF104) | AG12: ='Todas as Turmas'!AG104 | AH12: ='Todas as Turmas'!AH104 | AI12: ='Todas as Turmas'!AI104 | AJ12: ='Todas as Turmas'!AJ104 | AK12: ='Todas as Turmas'!AK104 | AL12: ='Todas as Turmas'!AL104
A13: ='Todas as Turmas'!A105 | B13: ='Todas as Turmas'!B105 | C13: =IF('Todas as Turmas'!C105="","",'Todas as Turmas'!C105) | D13: =IF('Todas as Turmas'!D105="","",'Todas as Turmas'!D105) | E13: =IF('Todas as Turmas'!E105="","",'Todas as Turmas'!E105) | F13: =IF('Todas as Turmas'!F105="","",'Todas as Turmas'!F105) | G13: =IF('Todas as Turmas'!G105="","",'Todas as Turmas'!G105) | H13: =IF('Todas as Turmas'!H105="","",'Todas as Turmas'!H105) | I13: =IF('Todas as Turmas'!I105="","",'Todas as Turmas'!I105) | J13: =IF('Todas as Turmas'!J105="","",'Todas as Turmas'!J105) | ... AF13: =IF('Todas as Turmas'!AF105="","",'Todas as Turmas'!AF105) | AG13: ='Todas as Turmas'!AG105 | AH13: ='Todas as Turmas'!AH105 | AI13: ='Todas as Turmas'!AI105 | AJ13: ='Todas as Turmas'!AJ105 | AK13: ='Todas as Turmas'!AK105 | AL13: ='Todas as Turmas'!AL105
A14: ='Todas as Turmas'!A106 | B14: ='Todas as Turmas'!B106 | C14: =IF('Todas as Turmas'!C106="","",'Todas as Turmas'!C106) | D14: =IF('Todas as Turmas'!D106="","",'Todas as Turmas'!D106) | E14: =IF('Todas as Turmas'!E106="","",'Todas as Turmas'!E106) | F14: =IF('Todas as Turmas'!F106="","",'Todas as Turmas'!F106) | G14: =IF('Todas as Turmas'!G106="","",'Todas as Turmas'!G106) | H14: =IF('Todas as Turmas'!H106="","",'Todas as Turmas'!H106) | I14: =IF('Todas as Turmas'!I106="","",'Todas as Turmas'!I106) | J14: =IF('Todas as Turmas'!J106="","",'Todas as Turmas'!J106) | ... AF14: =IF('Todas as Turmas'!AF106="","",'Todas as Turmas'!AF106) | AG14: ='Todas as Turmas'!AG106 | AH14: ='Todas as Turmas'!AH106 | AI14: ='Todas as Turmas'!AI106 | AJ14: ='Todas as Turmas'!AJ106 | AK14: ='Todas as Turmas'!AK106 | AL14: ='Todas as Turmas'!AL106
A15: ='Todas as Turmas'!A107 | B15: ='Todas as Turmas'!B107 | C15: =IF('Todas as Turmas'!C107="","",'Todas as Turmas'!C107) | D15: =IF('Todas as Turmas'!D107="","",'Todas as Turmas'!D107) | E15: =IF('Todas as Turmas'!E107="","",'Todas as Turmas'!E107) | F15: =IF('Todas as Turmas'!F107="","",'Todas as Turmas'!F107) | G15: =IF('Todas as Turmas'!G107="","",'Todas as Turmas'!G107) | H15: =IF('Todas as Turmas'!H107="","",'Todas as Turmas'!H107) | I15: =IF('Todas as Turmas'!I107="","",'Todas as Turmas'!I107) | J15: =IF('Todas as Turmas'!J107="","",'Todas as Turmas'!J107) | ... AF15: =IF('Todas as Turmas'!AF107="","",'Todas as Turmas'!AF107) | AG15: ='Todas as Turmas'!AG107 | AH15: ='Todas as Turmas'!AH107 | AI15: ='Todas as Turmas'!AI107 | AJ15: ='Todas as Turmas'!AJ107 | AK15: ='Todas as Turmas'!AK107 | AL15: ='Todas as Turmas'!AL107
A16: ='Todas as Turmas'!A108 | B16: ='Todas as Turmas'!B108 | C16: =IF('Todas as Turmas'!C108="","",'Todas as Turmas'!C108) | D16: =IF('Todas as Turmas'!D108="","",'Todas as Turmas'!D108) | E16: =IF('Todas as Turmas'!E108="","",'Todas as Turmas'!E108) | F16: =IF('Todas as Turmas'!F108="","",'Todas as Turmas'!F108) | G16: =IF('Todas as Turmas'!G108="","",'Todas as Turmas'!G108) | H16: =IF('Todas as Turmas'!H108="","",'Todas as Turmas'!H108) | I16: =IF('Todas as Turmas'!I108="","",'Todas as Turmas'!I108) | J16: =IF('Todas as Turmas'!J108="","",'Todas as Turmas'!J108) | ... AF16: =IF('Todas as Turmas'!AF108="","",'Todas as Turmas'!AF108) | AG16: ='Todas as Turmas'!AG108 | AH16: ='Todas as Turmas'!AH108 | AI16: ='Todas as Turmas'!AI108 | AJ16: ='Todas as Turmas'!AJ108 | AK16: ='Todas as Turmas'!AK108 | AL16: ='Todas as Turmas'!AL108
